link_id,100s_interval,link_speed,time_step
0,200,18.915428571428574,2
0,300,10.218638,3
0,400,6.430662711864406,4
0,500,17.514442857142857,5
0,600,18.789676,6
0,700,8.449887804878049,7
0,800,16.557358333333333,8
0,900,26.694454545454548,9
1,300,27.663852631578948,3
1,400,31.812932142857143,4
1,500,29.01372,5
1,600,31.01817391304348,6
1,700,33.07716511627907,7
1,800,34.04188214285714,8
1,900,25.981299999999997,9
4,0,16.009411764705884,0
4,100,14.709163118811881,1
4,200,16.690933684210528,2
4,300,17.229636996336996,3
4,400,26.92231230769231,4
4,500,26.52646407185629,5
4,600,25.65342471910112,6
4,700,17.06889746835443,7
4,800,23.139414814814813,8
4,900,25.28556125,9
5,300,19.5077,3
5,500,17.486666666666668,5
5,700,10.3032,7
6,200,6.15242,2
6,300,5.2926,3
6,400,19.39157777777778,4
6,800,22.72118,8
7,200,7.659638888888889,2
7,300,12.90969076923077,3
7,400,13.754605347593582,4
7,500,12.15268,5
7,600,11.2619632,6
7,700,11.491437878787877,7
7,800,7.651758983050848,8
7,900,4.664509090909091,9
8,300,31.78806153846154,3
8,400,26.8115625,4
8,500,29.190047500000002,5
8,600,29.91090909090909,6
8,700,36.24627931034483,7
8,800,32.43800714285714,8
8,900,40.1818,9
9,300,12.366933333333334,3
9,400,13.941666666666668,4
9,500,16.214046153846155,5
9,600,9.99345,6
9,700,10.097527777777778,7
9,800,10.853349999999999,8
9,900,14.295333333333332,9
10,500,7.259675,5
12,100,9.5062,1
13,300,19.831884210526315,3
13,400,13.63602105263158,4
13,500,11.893875,5
13,600,14.331351851851853,6
13,700,16.13834074074074,7
13,800,11.932838888888888,8
13,900,23.280414285714283,9
14,400,21.517005555555556,4
14,600,17.400373913043477,6
14,700,12.32569,7
14,800,7.038383333333333,8
15,200,0,2
15,300,1.4628850439882697,3
15,400,1.2127620469083156,4
15,500,1.6589552016985136,5
15,600,1.7676150997150997,6
15,700,1.9899803827751197,7
15,800,1.8957265895953757,8
15,900,2.162805940594059,9
16,0,3.833585882352941,0
16,100,3.047330530973451,1
16,200,2.6011984615384613,2
16,300,3.690497214,3
16,400,4.356766993464052,4
16,500,5.844481288343558,5
16,600,4.280537291666667,6
16,700,3.971772,7
16,800,2.3016474489795917,8
16,900,1.7048542452830189,9
18,500,19.35015,5
18,700,18.643066666666666,7
18,800,11.741666666666667,8
19,200,21.089214925373135,2
19,300,18.22713640167364,3
19,400,13.679530303030303,4
19,500,17.735192173913042,5
19,600,22.127476623376626,6
19,700,18.423241052631578,7
19,800,26.372431666666667,8
19,900,19.30593888888889,9
20,200,29.812099999999997,2
20,300,25.485984269662918,3
20,400,29.74397746478873,4
20,500,24.11624742268041,5
20,600,28.133060563380283,6
20,700,28.358297777777775,7
20,800,27.981877647058827,8
20,900,16.942983333333334,9
21,200,6.775505810397553,2
21,300,4.820577521367522,3
21,400,6.3136073961499495,4
21,500,4.556989318755257,5
21,600,5.701912702960841,6
21,700,4.713502081526453,7
21,800,4.433286061381074,8
21,900,3.589987350199734,9
22,200,22.50304063,2
22,300,29.7044375,3
22,400,34.44883895582329,4
22,500,32.51656268115942,5
22,600,25.51492645914397,6
22,700,28.346349541284404,7
22,800,27.15235492063492,8
22,900,31.849340833333333,9
23,200,35.10436563,2
23,300,35.750795488721806,3
23,400,37.27081294964029,4
23,500,27.246272169811323,5
23,600,36.94003529411765,6
23,700,32.50874127906977,7
23,800,30.964680487804877,8
23,900,27.56280487804878,9
24,200,27.399691228070175,2
24,300,23.090403896103897,3
24,400,23.540606426735216,4
24,500,23.463778712871285,5
24,600,14.67578136272545,6
24,700,11.624160694698354,7
24,800,13.886584042553192,8
24,900,17.423681034482758,9
25,500,16.74152,5
25,600,16.179066666666667,6
25,700,14.868872972972971,7
25,900,0.9949428571428571,9
26,200,1.1254072727272726,2
26,300,6.566914835164835,3
26,400,15.918220858895706,4
26,500,21.906930894308942,5
26,600,18.806169791666665,6
26,700,9.062750000000001,7
26,800,18.040661494252873,8
26,900,33.06854545454546,9
27,200,8.794177391304348,2
27,300,5.710923502304148,3
27,400,6.546525384615385,4
27,500,6.550523262032086,5
27,600,4.128712756264236,6
27,700,5.604813169,7
27,800,5.581870440251573,8
27,900,3.142143192488263,9
28,200,24.94186666666667,2
28,300,10.914939759036145,3
28,400,5.303387234042553,4
28,500,7.818984816753926,5
28,600,3.8474649999999997,6
28,700,4.213859440559441,7
28,800,0.9894169354838709,8
28,900,0,9
30,200,2.7746223495702007,2
30,300,4.482824507936508,3
30,400,5.000710748898679,4
30,500,5.402588888888889,5
30,600,6.093069007427413,6
30,700,6.134178932778933,7
30,800,8.73980923,8
30,900,3.810549874686717,9
31,200,33.90062686567164,2
31,300,30.64730783,3
31,400,31.00072903225806,4
31,500,24.143428837209303,5
31,600,16.214316707616707,6
31,700,15.804589501312336,7
31,800,10.54727037037037,8
31,900,13.759616597510373,9
32,300,16.26172894736842,3
32,400,9.158301104972375,4
32,500,25.908689473684213,5
32,600,20.191111363636363,6
32,700,15.564043333333332,7
32,800,19.60383103448276,8
32,900,5.400557894736842,9
33,200,17.916117460317462,2
33,300,13.223444397463002,3
33,400,15.37515046728972,4
33,500,14.88580777537797,5
33,600,19.419106413301662,6
33,700,18.93226676217765,7
33,800,17.88757915057915,8
33,900,18.761028703703705,9
34,200,33.644216,2
34,300,24.227976371308014,3
34,400,22.030215088757398,4
34,500,17.794552659574467,5
34,600,18.22566512195122,6
34,700,22.42136864111498,7
34,800,12.882915968586389,8
34,900,12.88337596899225,9
35,200,8.504779347826087,2
35,300,1.6758646953405019,3
35,400,3.0340157534246575,4
35,500,6.575308474576271,5
35,600,6.320286206896552,6
35,700,3.4943413533834584,7
35,800,6.715897647058824,8
35,900,9.211211429,9
36,200,0,2
36,300,7.631137062937063,3
36,400,8.052713368983957,4
36,500,6.286485932721712,5
36,600,7.607295454545454,6
36,700,13.883746621621622,7
36,800,23.433454545454545,8
36,900,3.8876275362318844,9
37,200,10.604888679245281,2
37,300,5.707272897196261,3
37,400,7.110651041666667,4
37,500,10.034154545454546,5
37,600,9.866417391304347,6
37,700,8.578254469273743,7
37,800,7.501118055555556,8
37,900,6.767306896551724,9
38,300,30.529083333333332,3
38,400,18.528379545454545,4
38,500,18.38068,5
38,600,8.291260465,6
38,700,12.485676923076925,7
38,800,31.12703606557377,8
38,900,34.43333333333334,9
39,200,14.3705,2
39,300,7.413897759103642,3
39,400,3.8352409722222225,4
39,500,10.9431,5
39,600,7.997095098039216,6
39,700,8.415180375782882,7
39,800,4.633354601226994,8
39,900,7.0961536,9
40,200,14.283323170731709,2
40,300,14.544176726342712,3
40,400,17.47521066350711,4
40,500,10.951093285371702,5
40,600,9.357903716216216,6
40,700,12.330005217391303,7
40,800,13.10690847457627,8
40,900,14.778357062146894,9
41,200,0,2
41,300,14.94673009708738,3
41,400,29.59099677419355,4
41,500,28.093061627906977,5
41,600,32.04792741935484,6
41,700,26.07867865168539,7
41,800,28.29762741935484,8
41,900,22.411814285714286,9
42,200,34.449962121212124,2
42,300,30.5645987,3
42,400,30.623148333333333,4
42,500,23.715644594594593,5
42,600,32.573773214285715,6
42,700,29.06132363636364,7
42,800,27.711688541666664,8
42,900,29.49685068493151,9
43,200,0.0683875,2
43,300,5.406247967479675,3
43,400,10.099425146198831,4
43,500,28.993441379310344,5
43,600,21.431851315789473,6
43,700,10.893088235294117,7
43,800,7.057346703296703,8
43,900,2.6145772727272725,9
44,200,0.088491304,2
44,300,3.9273006211180124,3
44,400,6.672904485488127,4
44,500,8.415234210526316,5
44,600,10.444631304347824,6
44,700,26.576814285714285,7
44,800,20.72494078947368,8
44,900,9.52998254,9
45,200,3.3786577777777778,2
45,300,8.106675223214285,3
45,400,9.776712040133779,4
45,500,10.256946124031009,5
45,600,11.11791553133515,6
45,700,8.226923183391005,7
45,800,15.323280555555554,8
45,900,7.5660625,9
46,300,30.2813,3
46,400,23.32533076923077,4
46,500,28.587363636363637,5
46,600,26.517747058823527,6
46,700,24.03875588235294,7
46,800,27.938045,8
46,900,27.6908,9
47,200,37.002005555555556,2
47,300,34.605391803278685,3
47,400,34.131884444444445,4
47,500,32.81542093023256,5
47,600,35.80457297297297,6
47,700,34.001686486486484,7
47,800,30.527645333333336,8
47,900,30.97284912280702,9
48,200,0.013928260869565218,2
48,300,20.66697222222222,3
48,400,14.966214814814816,4
48,500,12.053108988764045,5
48,600,8.021444160583941,6
48,700,20.570334545454546,7
48,800,30.74915714285714,8
48,900,42.015233333333335,9
49,200,16.298727083333333,2
49,300,5.342904999999999,3
49,400,8.12868552,4
49,500,9.546179921259842,5
49,600,4.166162662337663,6
49,700,9.937350515463919,7
49,800,19.292807476635513,8
49,900,19.26375892857143,9
50,200,9.616796429,2
50,300,13.022142879999999,3
50,400,13.680176838810642,4
50,500,11.070206043165468,5
50,600,13.70956517311609,6
50,700,12.944709579439252,7
50,800,11.774520111731844,8
50,900,10.265076530612244,9
51,200,0.035195082,2
51,300,2.978277313432836,3
51,400,6.010939410187667,4
51,500,4.143094466403162,5
51,600,10.009918229166667,6
51,700,10.672373092369478,7
51,800,8.477558937198069,8
51,900,8.365239610389612,9
52,200,1.9788235831809873,2
52,300,3.8386852791878177,3
52,400,2.750652925292529,4
52,500,3.1135711279461282,5
52,600,2.890213611111111,6
52,700,5.9815372703412075,7
52,800,8.719360968229955,8
52,900,9.822558994708995,9
53,200,19.346500000000002,2
53,300,26.463035555555557,3
53,400,22.271151515151516,4
53,500,24.28117142857143,5
53,600,12.537806,6
53,700,5.222041843971631,7
53,800,18.73638936170213,8
53,900,16.351315384615386,9
55,200,9.131157575757575,2
55,300,7.649775735294118,3
55,400,5.666471428571429,4
55,500,3.495072440944882,5
55,600,2.6585976744186044,6
55,700,3.637689024390244,7
55,800,2.5515387096774194,8
55,900,1.6357055555555557,9
56,300,15.214204761904764,3
56,400,18.415664,4
56,500,16.439271153846153,5
56,700,13.41242,7
56,800,10.593342857142858,8
56,900,14.65366,9
57,300,2.772472222222222,3
57,400,3.2391033333333334,4
57,500,22.9666,5
57,600,3.9993079999999996,6
57,800,9.567266666666667,8
58,200,2.13878,2
58,300,2.546964606741573,3
58,400,3.7589276190476193,4
58,500,8.049375714285715,5
58,600,2.3487846153846155,6
58,700,3.6236655913978493,7
58,800,2.236266544117647,8
58,900,2.417541975308642,9
59,200,5.1000125,2
59,400,1.641233962264151,4
60,400,1.7301539325842696,4
60,500,0,5
60,600,0,6
60,700,0,7
60,800,0,8
60,900,0.019847916666666666,9
61,200,20.786064705882353,2
61,300,26.714803030303027,3
61,400,22.840831914893617,4
61,500,27.931199999999997,5
61,600,26.43496923076923,6
61,700,22.662439215686273,7
61,800,30.093278378378375,8
61,900,24.818973333333336,9
62,200,3.305425,2
62,300,3.1650593495934958,3
62,400,3.479247656,4
62,500,0.1323158415841584,5
62,600,1.9587736363636363,6
62,700,0,7
62,800,0,8
62,900,0,9
63,200,21.892083333333332,2
63,300,31.46812142857143,3
63,400,22.163582608695652,4
63,500,16.99086271186441,5
63,600,23.084569811320755,6
63,700,12.400222549019608,7
63,800,8.695348251748252,8
63,900,5.8923611764705885,9
64,200,2.2297818181818183,2
64,300,14.538384831460673,3
64,400,22.908314999999998,4
64,500,6.335562085308057,5
64,600,14.250439583333334,6
64,700,13.320109821428572,7
64,800,7.823155421686748,8
64,900,10.388906666666667,9
65,200,3.3173000000000004,2
65,300,7.9042076923076925,3
65,400,9.382851612903226,4
65,500,9.451618181818183,5
65,600,2.062201,6
65,700,3.4543222222222223,7
65,800,4.1815836065573775,8
65,900,4.2581,9
66,300,17.071057142857143,3
66,400,20.3952,4
66,600,1.2407125,6
66,700,3.8757741379310344,7
66,800,20.196417857142855,8
66,900,7.91412,9
67,300,22.457172222222223,3
67,400,24.302912499999998,4
67,500,18.504746666666666,5
67,600,21.02395,6
67,700,26.91115,7
67,800,20.09709,8
67,900,12.709616666666667,9
68,300,13.877433333333334,3
68,400,23.04268888888889,4
68,500,19.048938888888888,5
68,600,14.95852105263158,6
68,700,25.28585,7
69,200,13.791200000000002,2
69,500,12.933742857142859,5
69,600,4.5784763779527555,6
69,700,2.426665873015873,7
69,800,0,8
69,900,0,9
70,300,9.001321428571428,3
70,400,5.898489063,4
70,500,9.12645,5
70,600,1.155283870967742,6
70,700,7.346546153846154,7
70,800,1.352942857142857,8
70,900,0.048990476190476195,9
71,200,2.300384375,2
71,300,11.827665887850467,3
71,400,34.52569491525424,4
71,500,38.73217049180328,5
71,600,32.21093783783784,6
71,700,28.85078245614035,7
71,800,31.59351746031746,8
71,900,29.53701666666667,9
72,200,12.76749054054054,2
72,300,5.356751777777778,3
72,400,3.2846466789667894,4
72,500,4.532079289940828,5
72,600,3.7706223974763406,6
72,700,5.583234684684685,7
72,800,4.717770134874759,8
72,900,2.465753721682848,9
73,200,7.915254135338347,2
73,300,25.388653658536587,3
73,400,29.98470847457627,4
73,500,16.0996158,5
73,600,15.722957466063349,6
73,700,18.28309650655022,7
73,800,15.641337259100643,8
73,900,6.785128901734104,9
74,200,14.4694,2
74,300,15.375930379746835,3
74,400,6.873796629213483,4
74,500,6.4653071729957805,5
74,600,7.612243670886076,6
74,700,7.291787593984962,7
74,800,9.423268907563024,8
74,900,2.451955932,9
75,200,27.198197887323943,2
75,300,17.922545415778252,3
75,400,16.38088962818004,4
75,500,12.30752634920635,5
75,600,7.574443561643836,6
75,700,7.484677605,7
75,800,10.791629479034308,8
75,900,15.831474812967581,9
76,200,9.777176470588234,2
76,300,17.861601612903225,3
76,400,19.248521243523314,4
76,500,7.206766228070176,5
76,600,12.027297151898734,6
76,700,19.29653394736842,7
76,800,13.235236860068259,8
76,900,10.444541379310346,9
77,200,27.51054193548387,2
77,300,28.394148299319728,3
77,400,17.319255056179777,4
77,500,10.113399161676647,5
77,600,6.076563482280431,6
77,700,6.354576771004942,7
77,800,7.027970588235294,8
77,900,10.96245603773585,9
78,200,28.4812875,2
78,300,10.783167076923077,3
78,400,7.626746902654867,4
78,500,7.828069487179487,5
78,600,7.844537122969838,6
78,700,4.776612702078522,7
78,800,5.9204923076923075,8
78,900,3.8167693989071036,9
79,200,49.167699999999996,2
79,300,19.51396075949367,3
79,400,23.309822330097088,4
79,500,20.146663087248324,5
79,600,24.081827131782944,6
79,700,24.087276510067113,7
79,800,20.461390714285717,8
79,900,21.26214090909091,9
80,200,4.052319047619047,2
80,300,15.040845806451612,3
80,400,13.442402912621361,4
80,500,16.55471032,5
80,600,11.327389772727273,6
80,700,13.459498717948717,7
80,800,13.797960544217686,8
80,900,17.436475609756098,9
81,200,14.474038235294117,2
81,300,21.582120992366413,3
81,400,15.40199969604863,4
81,500,15.39392239,5
81,600,19.041270238095237,6
81,700,13.25289982788296,7
81,800,15.536703260869565,8
81,900,19.758033121019107,9
82,300,5.440097916666667,3
82,400,0.92675,4
82,500,4.9879984126984125,5
82,600,8.898026470588235,6
82,700,8.093288495575221,7
82,800,17.309564285714284,8
82,900,4.2372,9
83,200,32.17560487804878,2
83,300,28.164297794117648,3
83,400,23.594881362007172,4
83,500,16.42310887428102,5
83,600,12.729543629086056,6
83,700,17.110110471698114,7
83,800,12.747133828276308,8
83,900,14.304537656427758,9
84,200,20.217299999999998,2
84,300,25.025557894736846,3
84,400,20.649,4
84,500,13.646185714285716,5
84,600,23.74876923076923,6
84,700,22.517850000000003,7
84,800,24.89768,8
84,900,25.57123157894737,9
85,200,26.871288095238096,2
85,300,21.160406801007557,3
85,400,19.359530465116276,4
85,500,19.822532969432316,5
85,600,21.00071328,6
85,700,20.242731092436973,7
85,800,21.963509497206704,8
85,900,20.662128378378377,9
87,200,31.555272727272726,2
87,300,11.201355483870968,3
87,400,8.208844973544974,4
87,500,5.784855149501661,5
87,600,8.906662447257384,6
87,700,6.756418587360595,7
87,800,9.249222077922077,8
87,900,8.731527485380118,9
88,200,17.126625,2
88,300,14.258805283757338,3
88,400,10.340340515653775,4
88,500,13.718047826086956,5
88,600,9.115167266,6
88,700,9.60168125,7
88,800,8.900848314606742,8
88,900,8.587544881889762,9
89,200,9.513410483870969,2
89,300,6.912171111111111,3
89,400,6.225780241935484,4
89,500,8.453686528497409,5
89,600,7.459597810218978,6
89,700,6.948740893,7
89,800,8.716817096018735,8
89,900,9.143474545454545,9
90,200,13.60431490909091,2
90,300,7.530155517633674,3
90,400,7.363240576496674,4
90,500,7.7697478773584905,5
90,600,7.676117638888888,6
90,700,9.158766499162478,7
90,800,8.565049256198348,8
90,900,8.568417307692307,9
91,200,14.11698438,2
91,300,16.296043855776308,3
91,400,20.880127870370373,4
91,500,22.324287531806615,5
91,600,26.129614235294117,6
91,700,20.407314716006884,7
91,800,17.37901111923921,8
91,900,13.339026195899773,9
93,200,40.7472,2
93,300,16.249258536585366,3
93,400,18.103713333333335,4
93,500,23.554380769230768,5
93,600,6.563815723,6
93,700,4.596966836734694,7
93,800,6.364649565217391,8
93,900,1.5769404255319148,9
94,200,0.07762381,2
94,300,14.549868292682925,3
94,400,10.42555855855856,4
94,500,23.788219047619048,5
94,600,25.357276119402986,6
94,700,23.031865116279068,7
94,800,22.89701621621622,8
95,0,2.973783127572016,0
95,100,2.2502026548672567,1
95,200,3.2604617224880386,2
95,300,3.479222710622711,3
95,400,2.7197738938053098,4
95,500,0.8659545893719807,5
95,600,1.8391,6
95,700,5.3235956989247315,7
95,800,4.503569934640523,8
95,900,2.218920588235294,9
96,100,17.69917142857143,1
96,300,17.682575,3
96,400,20.74505,4
96,500,18.336869999999998,5
96,600,18.49834,6
97,400,15.398000000000001,4
97,500,4.748321568627451,5
97,600,23.610725,6
97,700,17.869533333333333,7
97,800,13.5829,8
105,200,17.115949999999998,2
105,300,17.75048043478261,3
105,400,14.85078,4
105,500,14.952590909090908,5
105,600,20.237558333333332,6
105,700,10.319091489361702,7
105,800,13.619314583333333,8
105,900,14.691172727272727,9
106,200,15.743378378378377,2
106,300,16.10221304347826,3
106,400,11.987448295454545,4
106,500,14.631069230769231,5
106,600,6.1496571428571425,6
106,700,6.049502766798419,7
106,800,9.436155865921787,8
106,900,11.072414166666666,9
107,300,11.936300000000001,3
107,500,19.620833333333334,5
107,600,12.783338461538461,6
107,700,17.886683333333334,7
107,800,20.527575,8
107,900,23.68827272727273,9
108,200,4.6710834951456315,2
108,300,6.582457324840764,3
108,400,5.481572173913044,4
108,500,3.728642990654206,5
108,600,8.228324038461539,6
108,700,11.226467272727273,7
108,800,5.463962318840579,8
108,900,0.8564624309392265,9
109,200,11.460271428571428,2
109,300,12.82934827586207,3
109,400,9.798210344827586,4
109,500,13.85630606060606,5
109,600,15.83188,6
109,700,9.391873333333333,7
109,800,6.234504255319149,8
109,900,7.361571428571429,9
110,200,7.060157142857143,2
110,300,8.078318181818181,3
110,400,2.22045,4
110,500,2.188678787878788,5
110,700,10.066194736842105,7
110,800,5.44412,8
111,300,15.78406875,3
111,400,15.048347058823529,4
111,700,21.285383333333332,7
111,800,13.14950588235294,8
111,900,18.165566666666667,9
112,300,14.009231818181819,3
112,400,16.342058823529413,4
112,500,7.336369767441861,5
112,600,16.39130263157895,6
112,700,5.122857142857143,7
112,800,2.5896354838709676,8
112,900,3.1161689655172413,9
113,300,14.078892307692307,3
113,400,9.969516666666667,4
113,500,13.687286363636362,5
113,600,13.096471428571428,6
113,700,19.14256842105263,7
113,800,5.117275,8
113,900,26.36707142857143,9
114,300,10.14486347826087,3
114,400,8.778794444444443,4
114,500,2.960891851851852,5
114,600,2.5342545454545453,6
114,700,4.694521578947368,7
114,800,1.6899739726027396,8
114,900,3.811647222222222,9
115,300,13.206523809523809,3
115,400,12.079722727272726,4
115,500,5.408086567164179,5
115,600,0,6
115,700,0,7
115,800,0.9101797297297298,8
115,900,2.449145217391304,9
116,200,3.7377658333333335,2
116,300,8.308906597222222,3
116,400,4.938877712031558,4
116,500,4.526154896142433,5
116,600,7.320348095238095,6
116,700,7.018854150197629,7
116,800,6.117467558528428,8
116,900,5.840320408163265,9
117,200,23.536231818181818,2
117,300,11.19580327198364,3
117,400,9.187847483221477,4
117,500,6.866066138613862,5
117,600,5.939371456310679,6
117,700,10.796304044117647,7
117,800,11.653574390243904,8
117,900,14.306903278688525,9
118,200,0,2
118,300,8.322735507246376,3
118,400,18.187626470588235,4
118,500,26.3210925,5
118,600,19.51464693877551,6
118,700,15.534843617021277,7
118,800,21.422257142857145,8
118,900,39.32343888888889,9
120,200,17.056625,2
120,300,11.7508,3
120,400,0.1800225806451613,4
120,500,0,5
120,600,3.045407317073171,6
120,700,0.916897248,7
120,800,0,8
120,900,0,9
121,400,1.8424,4
121,500,10.192747826086956,5
121,600,12.760614285714285,6
121,700,18.20905,7
121,800,32.72473333333333,8
121,900,29.81426,9
123,300,5.959366666666667,3
124,200,0,2
124,300,16.45878839285714,3
124,400,6.430909116809117,4
124,500,21.91262435897436,5
124,600,32.90231555555555,6
124,700,11.67347543859649,7
124,800,18.978417647058823,8
124,900,27.38108438,9
127,300,26.55035357142857,3
127,400,30.526817647058827,4
127,500,31.72863043478261,5
127,600,27.3299375,6
127,700,32.312866666666665,7
127,800,37.13845,8
127,900,30.2516,9
128,300,16.017736363636363,3
128,400,13.999945454545456,4
128,500,11.450622388059701,5
128,600,10.321019298245613,6
128,700,18.456960000000002,7
128,900,20.739175,9
129,200,18.5623,2
129,300,9.488999999999999,3
129,400,2.500966666666667,4
130,300,15.678825,3
130,400,14.709116666666667,4
130,500,13.73058813559322,5
130,600,11.843056097560975,6
130,700,21.212342857142858,7
130,900,18.33588888888889,9
131,200,3.2135212121212122,2
131,300,14.423355555555556,3
131,400,6.3244882591093114,4
131,500,13.89205111111111,5
131,600,20.335478124999998,6
131,700,20.281252631578948,7
131,800,16.443554838709677,8
131,900,15.441740000000001,9
132,200,12.772223664122137,2
132,300,18.57653359,3
132,400,10.423908113590265,4
132,500,5.825107487309644,5
132,600,4.216269678714859,6
132,700,5.731957804232804,7
132,800,3.7634324115044246,8
132,900,7.329283768115942,9
133,400,10.78892380952381,4
133,500,10.327495454545454,5
133,600,9.3730625,6
134,200,6.0549807692307684,2
134,300,5.636179945799458,3
134,400,4.137015536723164,4
134,500,3.6081670076726344,5
134,600,2.8842742081447965,6
134,700,4.4228115523465705,7
134,800,3.8480236065573767,8
134,900,6.130461963190184,9
135,200,24.9655625,2
135,300,14.595045238095238,3
135,400,20.841679166666665,4
135,500,21.799415384615386,5
135,600,23.111726315789472,6
135,700,23.242285714285714,7
135,800,19.492611111111113,8
135,900,7.543214705882352,9
137,300,14.497366666666666,3
137,400,4.577703571428572,4
137,600,14.5897,6
137,700,17.0218,7
143,200,16.175129411764704,2
143,300,5.251632,3
143,400,2.265096,4
143,500,4.169622619,5
143,600,2.4364269841269843,6
143,700,3.0389426356589144,7
143,800,0,8
143,900,0.001308333,9
144,0,18.370633333333334,0
144,100,16.818534210526316,1
144,200,14.594682857142857,2
144,300,17.209252777777778,3
144,400,14.475455882352941,4
144,500,16.10166818181818,5
144,600,11.416134146341463,6
144,700,12.902848717948718,7
144,800,16.929990322580647,8
144,900,16.525023076923077,9
145,0,39.671532361516036,0
145,100,22.141058708414874,1
145,200,26.079549165120593,2
145,300,19.19977684021544,3
145,400,22.92580263522885,4
145,500,19.49727158322057,5
145,600,22.238716953316956,6
145,700,24.119353118712272,7
145,800,28.609054460966544,8
145,900,34.84303627450981,9
146,0,35.074096376811596,0
146,100,29.827231578947366,1
146,200,31.994343012704178,2
146,300,31.115829589041095,3
146,400,20.11549353233831,4
146,500,20.020553465346534,5
146,600,26.55471618160652,6
146,700,26.251545256609646,7
146,800,27.007367665615142,8
146,900,13.23566150442478,9
147,100,14.461198269896192,1
147,200,16.562910880829016,2
147,300,19.05366263157895,3
147,400,16.865865359477127,4
147,500,14.985825423728812,5
147,600,11.976068518518519,6
147,700,18.00556435643564,7
147,800,11.841558823529411,8
147,900,7.237413698630137,9
148,0,15.061378370786517,0
148,100,12.817227577319589,1
148,200,18.51487382022472,2
148,300,11.479586387434555,3
148,400,13.397355510204083,4
148,500,17.699674215686272,5
148,600,17.081673719376393,6
148,700,16.13203095823096,7
148,800,16.015498957497996,8
148,900,16.55818036809816,9
149,0,25.519725,0
149,100,17.218918181818182,1
149,200,18.444418181818182,2
149,300,15.1923125,3
149,400,18.512,4
149,500,15.083672727272727,5
149,600,15.5982,6
149,700,18.6048625,7
149,800,19.019676923076922,8
149,900,16.395325,9
150,100,11.38795,1
150,200,11.671658333333333,2
150,400,12.38915,4
150,500,6.137788888888888,5
150,700,11.90565,7
150,800,11.516575,8
151,0,13.156034243697478,0
151,100,18.29466570438799,1
151,200,25.83420875273523,2
151,300,21.506705681818183,3
151,400,26.449609150326797,4
151,500,17.554400172117038,5
151,600,21.21633396226415,6
151,700,18.786665467625898,7
151,800,27.199893725490195,8
151,900,34.392283732057415,9
152,0,15.890415513626833,0
152,100,17.241664961915124,1
152,200,15.645275209580838,2
152,300,21.982609034907597,3
152,400,17.672875326370757,4
152,500,18.00128944099379,5
152,600,16.082798065984072,6
152,700,16.19829374185137,7
152,800,17.375119497607656,8
152,900,27.729531,9
153,0,6.353247613065326,0
153,100,7.661715886415963,1
153,200,5.875377885235332,2
153,300,5.423653028,3
153,400,8.274606032171581,4
153,500,7.544007517084283,5
153,600,6.2557662817551964,6
153,700,7.158103271028038,7
153,800,8.754556607142858,8
153,900,6.044477742946708,9
154,0,8.880496943972835,0
154,100,13.014225667351129,1
154,200,12.479901948051946,2
154,300,15.35272956685499,3
154,400,19.63686025934401,4
154,500,15.640359903381643,5
154,600,14.364328961424333,6
154,700,15.353229986338798,7
154,800,14.275085571428571,8
154,900,24.05030900140647,9
155,0,10.714028274428275,0
155,100,8.769012508361204,1
155,200,6.965483537559937,2
155,300,5.237170264965652,3
155,400,7.237223067331671,4
155,500,7.590599929725931,5
155,600,8.317900332,6
155,700,8.373700322580646,7
155,800,8.723184149377595,8
155,900,8.479752921535894,9
156,0,22.600674242424244,0
156,100,26.450758551068883,1
156,200,29.273666834170857,2
156,300,27.016567861557476,3
156,400,21.97541067961165,4
156,500,30.469609333333334,5
156,600,22.326609709962167,6
156,700,20.68496236080178,7
156,800,19.74876554850408,8
156,900,21.55833374233129,9
157,0,38.62536829268293,0
157,100,33.67881398,1
157,200,41.11271908783784,2
157,300,41.09060222222222,3
157,400,23.435893114754098,4
157,500,29.647998216409036,5
157,600,30.44198495575221,6
157,700,32.99878494453249,7
157,800,28.205631137724552,8
157,900,24.18611472868217,9
158,0,16.920972727272726,0
158,100,23.048884210526317,1
158,200,15.336637777777778,2
158,300,7.580915625,3
158,400,12.825520408163266,4
158,500,18.182734615384614,5
158,600,13.336766666666668,6
158,700,15.864635294117647,7
158,800,11.450872164948454,8
158,900,1.5345847826086958,9
159,0,20.059453146853148,0
159,100,22.345067726161368,1
159,200,20.39291103896104,2
159,300,16.603413559322032,3
159,400,15.025735714285716,4
159,500,13.319797328244276,5
159,600,17.81431086956522,6
159,700,17.37318415417559,7
159,800,14.349854205607478,8
159,900,17.377445669291337,9
161,0,12.438277777777778,0
161,100,16.870566666666665,1
161,200,11.348584782608695,2
161,300,12.352144444444445,3
161,400,15.66552962962963,4
161,500,25.95985,5
161,600,15.93451111111111,6
161,700,4.1049625,7
161,800,18.23435,8
161,900,23.834200000000003,9
162,0,21.637546153846152,0
162,100,21.849833333333333,1
162,200,24.68318181818182,2
162,300,22.93045,3
162,400,28.304100000000002,4
162,500,16.9115,5
162,600,8.834678125,6
162,700,20.440080000000002,7
162,800,23.462149999999998,8
162,900,12.10934406779661,9
163,0,17.731509523809525,0
163,100,8.198565625,1
163,200,12.827710659898479,2
163,300,21.632939344262297,3
163,400,21.447300000000002,4
163,500,22.049681159420288,5
163,600,15.876838679245283,6
163,700,24.322436764705884,7
163,800,21.8876,8
163,900,18.52708,9
164,0,29.087255652173912,0
164,100,26.82401145038168,1
164,200,18.27284303405573,2
164,300,20.720501419878296,3
164,400,17.87809287128713,4
164,500,27.536202709359607,5
164,600,38.39178314606742,6
164,700,31.274956836461126,7
164,800,19.219925308641976,8
164,900,26.92231700680272,9
166,0,24.560239215686277,0
166,100,17.56682967032967,1
166,200,26.18885845410628,2
166,300,14.404347181008903,3
166,400,17.8169772,4
166,500,8.347225454545454,5
166,600,18.039148727272728,6
166,700,14.02226657223796,7
166,800,25.845114285714285,8
166,900,29.830564705882352,9
167,0,25.949485714285714,0
167,100,31.525375806451613,1
167,200,30.627308633093524,2
167,300,17.02927142857143,3
167,400,21.75506103896104,4
167,500,11.345588214285716,5
167,600,26.48994076923077,6
167,700,13.157774910394266,7
167,800,11.767713664596274,8
167,900,12.925954285714287,9
168,0,16.331319938650307,0
168,100,14.868258424507658,1
168,200,18.040953267045452,2
168,300,19.601654527162978,3
168,400,17.977355766192733,4
168,500,20.053991992882565,5
168,600,19.538512781954886,6
168,700,20.65141993,7
168,800,13.854719672131148,8
168,900,10.679204615384615,9
169,0,10.972087951807229,0
169,100,23.380105072463767,1
169,200,18.573442763157896,2
169,300,19.883651219512195,3
169,400,23.665478861788618,4
169,500,16.40911058201058,5
169,600,21.422599047619045,6
169,700,22.81950387596899,7
169,800,19.546979432624113,8
169,900,25.759745454545453,9
170,300,6.89842,3
170,400,4.908713333333334,4
170,500,14.49,5
170,900,14.6755,9
171,200,4.0820799999999995,2
171,300,5.0310125,3
171,600,4.6801200000000005,6
171,700,0.4247296296296297,7
173,0,0,0
173,100,0,1
173,200,1.2673035971223021,2
173,300,2.784573125,3
173,400,3.745325874125874,4
173,500,3.1586584415584418,5
173,600,1.1556196428571428,6
173,700,1.5271945454545455,7
173,800,1.3404469565217392,8
173,900,1.2420244444444444,9
174,0,10.930765798045602,0
174,100,14.43570729,1
174,200,11.245376847977685,2
174,300,11.394822350674374,3
174,400,10.268080168067227,4
174,500,15.046793095768376,5
174,600,18.55252,6
174,700,17.800158673469387,7
174,800,14.305939436619717,8
174,900,9.850681603773586,9
176,0,30.430757269789982,0
176,100,23.925275020712508,1
176,200,22.331876638655462,2
176,300,27.661305662650605,3
176,400,25.805556016177956,4
176,500,20.089722645341457,5
176,600,22.24594532274767,6
176,700,22.719820881834213,7
176,800,22.394034137475213,8
176,900,11.36734373030876,9
177,0,28.18722919463087,0
177,100,18.16250795847751,1
177,200,14.646062554585152,2
177,300,18.541306424242425,3
177,400,14.789111963589077,4
177,500,13.010807163053721,5
177,600,14.173580224719101,6
177,700,14.280973478760046,7
177,800,12.742118223028104,8
177,900,9.303198238747553,9
178,0,17.85503076923077,0
178,100,17.08526896551724,1
178,200,15.665730434782608,2
178,300,26.31147727272727,3
178,400,24.798399999999997,4
178,500,20.08990487804878,5
178,600,30.927096551724137,6
178,700,14.507645454545456,7
178,800,20.144576470588238,8
178,900,21.4426,9
179,0,20.648669122807018,0
179,100,18.48269872084274,1
179,200,18.508204308093994,2
179,300,21.20540459081836,3
179,400,22.637481855388813,4
179,500,27.01461891223733,5
179,600,21.16750340586566,6
179,700,21.528019864750632,7
179,800,16.256549261083745,8
179,900,14.380538095238094,9
180,0,17.615211036789297,0
180,100,19.416583548983365,1
180,200,20.742897297297297,2
180,300,19.566215856777493,3
180,400,21.403923343848582,4
180,500,25.387521142857143,5
180,600,27.32759142857143,6
180,700,25.321158103975538,7
180,800,16.211151895043734,8
180,900,13.180496774193548,9
181,0,11.107508780487805,0
181,100,11.80425585106383,1
181,200,9.668534884,2
181,300,4.211157248819959,3
181,400,4.032897684210527,4
181,500,3.908250434782609,5
181,600,4.623962825572218,6
181,700,4.687566666666666,7
181,800,6.9117314671814665,8
181,900,6.340513636363636,9
182,0,5.067939024390244,0
182,100,5.139580343511451,1
182,200,5.987673130193906,2
182,300,6.945974144486692,3
182,400,8.581404326923076,4
182,500,7.086446109510086,5
182,600,3.9829141605839418,6
182,700,4.537000302571861,7
182,800,4.614839917695473,8
182,900,4.209548309178744,9
183,0,10.075901596806387,0
183,100,10.38294682997118,1
183,200,6.533963976608187,2
183,300,7.134064247517189,3
183,400,6.6707799074074074,4
183,500,8.35031617,5
183,600,8.851477992957747,6
183,700,8.586228096,7
183,800,12.12173004032258,8
183,900,15.361282196969697,9
184,0,23.50370588235294,0
184,100,18.17845319148936,1
184,200,20.41894688,2
184,300,20.91768775510204,3
184,400,15.04204918032787,4
184,500,13.104393333333334,5
184,600,11.433932727272728,6
184,700,12.290650943396226,7
184,800,19.172626666666666,8
184,900,13.530520000000001,9
185,0,22.410609497206703,0
185,100,20.740646013667426,1
185,200,21.38799739,2
185,300,18.168684168865436,3
185,400,16.603982389937105,4
185,500,14.632658408679928,5
185,600,19.242526579520696,6
185,700,22.219508841463412,7
185,800,15.066808235294117,8
185,900,14.36263153409091,9
186,0,9.911874358974359,0
186,100,9.623200591715976,1
186,200,11.359558997050147,2
186,300,11.545603809523808,3
186,400,9.598101142857143,4
186,500,11.278064912280703,5
186,600,11.364617281105991,6
186,700,11.203314899713467,7
186,800,10.438135094339621,8
186,900,13.467720118343195,9
187,100,22.23253076923077,1
187,200,21.07267,2
187,300,20.85608125,3
187,400,25.942233333333334,4
187,500,17.633956862745098,5
187,600,21.001435999999998,6
187,700,17.602777333333332,7
187,800,15.455526666666666,8
187,900,20.809535999999998,9
188,0,4.111799610136452,0
188,100,7.262075581395349,1
188,200,8.296282646420824,2
188,300,10.363632658959537,3
188,400,8.812766957787481,4
188,500,7.588800673400673,5
188,600,4.0046372549019615,6
188,700,9.6555358,7
188,800,6.597917873303167,8
188,900,8.902393181818182,9
189,0,23.901952777777776,0
189,100,14.287960084033612,1
189,200,13.665426788685524,2
189,300,12.230752544802867,3
189,400,12.396322418879056,4
189,500,18.825599999999998,5
189,600,19.07243363028953,6
189,700,18.10725623342175,7
189,800,23.264142898550723,8
189,900,12.345153395784545,9
190,0,26.93954620689655,0
190,100,16.77583563,1
190,200,22.145593548387097,2
190,300,24.344344360902255,3
190,400,42.699852688172044,4
190,500,40.83370238095238,5
190,600,40.937149999999995,6
190,700,47.37972752293578,7
190,800,46.317851282051286,8
190,900,37.200026,9
191,0,21.845481538461538,0
191,100,17.36331758,1
191,200,22.439546456692913,2
191,300,16.738877777777777,3
191,400,13.980510115606938,4
191,500,12.12299589977221,5
191,600,21.26226592920354,6
191,700,19.197223786407765,7
191,800,19.03850357142857,8
191,900,17.0575978,9
192,0,7.439204347826086,0
192,100,11.260879999999998,1
192,300,19.173566666666666,3
192,400,17.541182142857142,4
192,500,19.677666666666667,5
192,800,16.82463,8
192,900,15.97428181818182,9
193,0,8.324391923076922,0
193,100,10.174781818181819,1
193,200,7.2536665271966525,2
193,300,7.653806052269601,3
193,400,5.037096177237185,4
193,500,7.324661602209945,5
193,600,7.027985491606715,6
193,700,8.508909780775715,7
193,800,8.230061843790013,8
193,900,7.225055111111112,9
194,0,7.796610169491526e-05,0
194,100,0.3728314814814815,1
194,200,0.000935,2
194,300,1.7130445378151262,3
194,400,1.4968990990990991,4
194,500,1.7974194915254236,5
194,600,0.4236301886792453,6
194,700,0.44646637931034483,7
194,800,0.001521,8
194,900,0.8351625,9
195,0,17.001273622047247,0
195,100,16.94564239350913,1
195,200,19.333170707070707,2
195,300,18.50945402,3
195,400,8.070045070422536,4
195,500,11.38018768115942,5
195,600,13.882312918660288,6
195,700,13.101564272559854,7
195,800,11.051976258064517,8
195,900,21.699405185185185,9
196,0,23.47746055276382,0
196,100,23.12112265917603,1
196,200,21.009695454545454,2
196,300,23.66725774647887,3
196,400,18.804926855123675,4
196,500,18.723321545319468,5
196,600,23.626404337899544,6
196,700,18.66965156069364,7
196,800,16.93868121827411,8
196,900,23.113164864864864,9
197,0,18.88390625,0
197,100,10.850036363636365,1
197,200,16.287766666666666,2
197,300,18.9476,3
197,400,12.233925,4
197,500,18.6313,5
197,600,7.631,6
197,700,13.23935,7
197,800,15.457225,8
198,0,22.854840000000003,0
198,100,20.269081088825217,1
198,200,17.271988539325843,2
198,300,19.30559173387097,3
198,400,24.220110199004974,4
198,500,20.114334391534392,5
198,600,26.49787725631769,6
198,700,23.232964965197215,7
198,800,24.329995154185024,8
198,900,22.881967724867724,9
199,100,13.898895652173913,1
199,200,8.714714063,2
199,300,8.892700000000001,3
199,400,14.749572727272726,4
199,600,15.78088292682927,6
199,800,10.286572727272727,8
199,900,10.824983333333334,9
200,0,28.327840425531914,0
200,100,21.46611121495327,1
200,200,23.477808934707905,2
200,300,28.043556603773585,3
200,400,17.317306828193832,4
200,500,20.253624570024574,5
200,600,21.135632520325203,6
200,700,31.14093076923077,7
200,800,25.501861417322832,8
200,900,24.686450819672128,9
201,0,14.1044,0
201,100,2.7172076923076927,1
201,200,11.90346875,2
201,300,12.980428571428572,3
201,400,1.086288095238095,4
201,500,12.048685714285714,5
201,600,10.982222222222223,6
201,700,7.798482352941176,7
201,800,14.148315384615385,8
202,0,13.636766218905471,0
202,100,8.563466136,1
202,200,17.142486213592232,2
202,300,13.639451991614257,3
202,400,14.020714346764347,4
202,500,19.131389420142423,5
202,600,11.60148045930701,6
202,700,11.763544093023256,7
202,800,8.614270080053368,8
202,900,6.979097423312883,9
203,0,19.00016153846154,0
203,100,29.32036666666667,1
203,200,26.86314318181818,2
203,300,22.152235897435897,3
203,400,28.3474,4
203,500,15.084615000000001,5
203,600,29.8826,6
203,700,30.048139473684213,7
203,800,29.646721052631577,8
203,900,25.2148,9
204,0,26.4664,0
204,100,15.439080303030302,1
204,200,21.76985789473684,2
204,300,19.68008888888889,3
204,400,3.269887209302326,4
204,500,3.579809836065574,5
204,600,2.2330456896551723,6
204,700,3.614907874015748,7
204,800,1.9888078260869564,8
204,900,7.013173134328358,9
205,0,9.2306,0
205,700,2.0627563636363635,7
205,800,0,8
206,0,16.04155,0
206,100,15.398277777777777,1
206,200,18.86796,2
206,300,13.11421111111111,3
206,400,6.868153125,4
206,500,13.829516666666668,5
206,600,14.65198,6
206,700,13.432392,7
206,800,15.64416,8
207,300,5.120577777777778,3
207,600,12.781,6
207,800,2.3158111111111115,8
208,0,28.42682112436116,0
208,100,27.77239559748428,1
208,200,20.764976748768476,2
208,300,21.43255818373812,3
208,400,22.053059642521166,4
208,500,22.016088112522688,5
208,600,23.379450199203188,6
208,700,31.092380952380953,7
208,800,29.647391463414635,8
208,900,13.091829363784665,9
209,0,20.6197,0
209,100,17.453719999999997,1
209,300,15.895966666666666,3
209,400,6.880284210526316,4
209,500,18.105366666666665,5
209,600,19.76915,6
209,800,14.583999999999998,8
209,900,10.075500000000002,9
210,0,20.096685714285716,0
210,100,17.40871282051282,1
210,200,12.255988524590165,2
210,300,16.43863488372093,3
210,400,16.30483846153846,4
210,500,16.584687719298245,5
210,600,15.655570967741935,6
210,700,17.16770789473684,7
210,800,18.780092307692307,8
210,900,16.324099999999998,9
211,0,30.349328920308484,0
211,100,26.762001972386585,1
211,200,18.933514263074485,2
211,300,22.127791601255886,3
211,400,26.65443302631579,4
211,500,25.540639911797136,5
211,600,20.50101676096181,6
211,700,24.86954313,7
211,800,29.256457599118942,8
211,900,15.762726584867075,9
212,0,2.8725504970178926,0
212,100,2.1818,1
212,200,1.9158476082004556,2
212,300,1.789868315018315,3
212,400,2.415299736147757,4
212,500,2.495682142857143,5
212,600,2.6418717948717947,6
212,700,2.8230707951070335,7
212,800,1.5060421428571429,8
212,900,0.14214251012145748,9
213,0,14.207791228070176,0
213,100,13.433983333333334,1
213,200,19.144686274509805,2
213,300,16.744122352941176,3
213,400,18.460607272727273,4
213,500,18.622401315789475,5
213,600,18.726337349397593,6
213,700,23.784951999999997,7
213,800,20.1097,8
213,900,9.624556522,9
214,0,25.773514705882352,0
214,100,28.493960897435898,1
214,200,24.86235368421053,2
214,300,27.09239367816092,3
214,400,12.056796560196561,4
214,500,22.345948322147652,5
214,600,20.091670204081634,6
214,700,18.99699918032787,7
214,800,25.666025954198474,8
214,900,12.077379365079365,9
216,0,0.17480895522388062,0
216,100,0.42562,1
216,200,2.4004224137931036,2
216,300,3.0450033333333333,3
216,400,2.016019285714286,4
216,500,0,5
216,600,7.581785555555555,6
216,700,0.2076181818181818,7
216,800,11.913968,8
216,900,12.95895,9
217,300,4.607458181818182,3
217,800,0.01542,8
217,900,0,9
218,0,13.637799999999999,0
218,100,18.170304545454545,1
218,300,26.361833333333333,3
218,400,24.028623076923076,4
218,500,23.2123,5
218,800,16.3457,8
218,900,18.991242857142858,9
219,0,24.16572,0
219,100,22.804785714285714,1
219,200,7.1256352941176475,2
219,300,0.078247917,3
219,500,17.886242857142857,5
219,600,28.83504285714286,6
219,700,22.50666666666667,7
219,800,17.8658,8
222,0,17.58513823529412,0
222,100,24.12006625,1
222,200,18.71465673076923,2
222,300,20.314390555555555,3
222,400,13.996691341991342,4
222,500,12.731055102040816,5
222,600,11.648124620060791,6
222,700,10.377176218323587,7
222,800,9.482235042735043,8
222,900,15.842650413223142,9
223,0,6.056332380952381,0
223,100,7.447557882,1
223,200,7.315085207100592,2
223,300,9.657731210191082,3
223,400,13.198833490566038,4
223,500,13.109076744186046,5
223,600,22.31691653543307,6
223,700,19.087875229357795,7
223,800,19.708764957264957,8
223,900,11.497781818181819,9
224,0,14.87162619047619,0
224,100,19.834430508474576,1
224,200,11.087408602150537,2
224,300,14.202133333333332,3
224,400,14.07525737704918,4
224,500,17.065719298245615,5
224,600,14.101569620253164,6
224,700,15.661673913043478,7
224,800,17.224875,8
224,900,17.950857692307693,9
225,100,1.2686916666666666,1
225,200,0.000115,2
225,300,0.001101,3
225,400,0.001322,4
225,500,0.001466,5
225,600,0.0015,6
225,700,0.14015405405405407,7
225,800,0.001151181,8
225,900,0.001373171,9
226,0,1.529808910891089,0
226,100,3.4182116402116405,1
226,200,4.188748931623931,2
226,300,1.8610528350515463,3
226,400,2.957139063,4
226,500,2.278161345852895,5
226,600,1.2195931372549018,6
226,700,1.6507820697954272,7
226,800,1.1141104377104378,8
226,900,1.4491675619834712,9
227,0,18.157589800995023,0
227,100,20.932358700440528,1
227,200,31.76612,2
227,300,25.209444210526314,3
227,400,21.127040659340658,4
227,500,18.868408785529716,5
227,600,26.142404101838757,6
227,700,22.595592535392534,7
227,800,24.42444322766571,8
227,900,28.17060648148148,9
231,0,22.399458125000002,0
231,100,17.333481660899654,1
231,200,14.162073350253806,2
231,300,11.962923246492986,3
231,400,12.989715945945948,4
231,500,18.73316725663717,5
231,600,14.703047300771207,6
231,700,13.649678178694158,7
231,800,19.42736340782123,8
231,900,13.15635680473373,9
232,200,7.517194957983193,2
232,300,4.701307539118066,3
232,400,5.231453301886792,4
232,500,10.504294,5
232,600,8.815534065934067,6
232,700,5.902938461538462,7
232,800,19.397502499999998,8
232,900,8.090436206896552,9
233,0,10.97299063,0
233,100,13.325777379480842,1
233,200,11.971037612838515,2
233,300,10.868788772845953,3
233,400,12.620367118644067,4
233,500,11.728364791288566,5
233,600,16.44122375565611,6
233,700,12.307420340586566,7
233,800,10.252229159802306,8
233,900,17.486576361529547,9
234,0,16.889480973451327,0
234,100,16.034367184801383,1
234,200,21.067350166112956,2
234,300,12.757203914590747,3
234,400,15.377592101740294,4
234,500,11.419249940688019,5
234,600,25.590105797101447,6
234,700,24.804210457516337,7
234,800,12.78667818853974,8
234,900,19.268408187134504,9
235,0,11.042987739726028,0
235,100,13.349346315789473,1
235,200,14.116421543985638,2
235,300,16.26056494073612,3
235,400,15.998546987951807,4
235,500,13.911845843520782,5
235,600,12.09770208037825,6
235,700,11.768998738298738,7
235,800,10.037577903167092,8
235,900,9.538231691510045,9
236,0,22.19041818181818,0
236,100,23.62823636363636,1
236,200,7.368419318181818,2
236,300,13.584159747292418,3
236,400,18.757326550868484,4
236,500,16.75765015,5
236,600,19.68455369458128,6
236,700,18.29075774378585,7
236,800,16.949019210977703,8
236,900,8.597880132450332,9
237,200,30.275839423076924,2
237,300,12.687327070063695,3
237,400,20.331015204678362,4
237,500,14.745683290488433,5
237,600,17.553003892215568,6
237,700,19.30243649122807,7
237,800,14.092158031088085,8
237,900,30.060398260869565,9
238,0,6.762007441860465,0
238,100,17.271329213483146,1
238,200,9.464689230769231,2
238,300,13.405932954545454,3
238,400,18.817450943396224,4
238,500,10.708598258706468,5
238,600,18.785248444444445,6
238,700,13.715622702702701,7
238,800,15.660194416243655,8
238,900,11.473976119402986,9
239,0,21.66385195,0
239,100,12.549944391244871,1
239,200,12.404165512265513,2
239,300,18.537911656441718,3
239,400,8.610531115459883,4
239,500,7.535418832731648,5
239,600,13.773436205227492,6
239,700,9.470642129277566,7
239,800,10.814258603311735,8
239,900,20.788688354898333,9
240,0,15.96536875,0
240,100,14.001542424242425,1
240,200,12.123556521739129,2
240,300,13.183421212121212,3
240,400,6.154377777777778,4
240,500,11.138128787878788,5
240,600,15.08110938,6
240,700,11.92987380952381,7
240,800,13.185900000000002,8
240,900,10.888548,9
241,0,48.437537288135594,0
241,100,37.299473853211005,1
241,200,38.477537837837836,2
241,300,40.295323124999996,3
241,400,33.25765798,4
241,500,27.921640800000002,5
241,600,29.50958645,6
241,700,22.892479850746266,7
241,800,30.531899537037038,8
241,900,40.20196071428572,9
242,0,49.10615,0
242,100,36.724838636363636,1
242,200,38.33206,2
242,300,27.977598360655737,3
242,400,36.6095,4
242,500,38.50332631578947,5
242,600,2.2308568627450978,6
242,700,46.205349999999996,7
242,800,35.48314838709677,8
242,900,39.87614615384616,9
245,0,13.204296210363495,0
245,100,11.995286455525605,1
245,200,13.236633906633907,2
245,300,21.57138652777778,3
245,400,13.205291130820399,4
245,500,5.292477148,5
245,600,12.25023330380868,6
245,700,10.471900109529026,7
245,800,12.368768161434977,8
245,900,18.397296103896103,9
246,0,8.714452836879433,0
246,100,16.818965060240963,1
246,200,15.00411512195122,2
246,300,15.471185616438355,3
246,400,15.681125647058824,4
246,500,10.638085245901639,5
246,600,12.381502816901408,6
246,700,12.247680662020906,7
246,800,11.223544417475729,8
246,900,12.528536075949367,9
247,400,7.287,4
247,500,12.3941,5
247,700,25.753257142857144,7
247,800,15.686445454545456,8
248,200,5.862595238095238,2
248,300,14.096449350649351,3
248,400,14.07315,4
248,500,11.018630335097003,5
248,600,8.369994817432273,6
248,700,9.300983146067415,7
248,800,12.035095761381475,8
248,900,28.40886869565217,9
249,300,18.38599867549669,3
249,400,11.843355325443786,4
249,500,12.078859778597787,5
249,600,14.14429502762431,6
249,700,15.780013513513513,7
249,800,13.40792985074627,8
249,900,25.809723913043477,9
250,0,14.049664628820961,0
250,100,11.389167041198501,1
250,200,13.721755991735536,2
250,300,10.45970750798722,3
250,400,10.244474892395983,4
250,500,12.384026475849732,5
250,600,10.42942761,6
250,700,15.098360508083141,7
250,800,12.045099746835444,8
250,900,15.29053949044586,9
251,0,22.73777491525424,0
251,100,25.595889999999997,1
251,200,25.1592964,2
251,300,23.26865057471264,3
251,400,29.58488992248062,4
251,500,32.33350072202166,5
251,600,25.778774324324324,6
251,700,34.901266292134835,7
251,800,32.35301585365853,8
251,900,20.794461274509803,9
252,0,4.160839449541284,0
252,100,9.173711377245509,1
252,200,17.435886290322582,2
252,300,16.54465340314136,3
252,400,18.92046494845361,4
252,500,21.156074999999998,5
252,600,21.58906842105263,6
252,700,21.030556321839082,7
252,800,21.528204316546763,8
252,900,7.190586554621849,9
253,400,14.2429,4
253,800,25.49,8
254,200,17.112342857142856,2
254,300,9.519684314,3
254,600,12.332522222222222,6
254,700,9.810782352941176,7
255,0,6.390894444444444,0
255,100,8.245188235294117,1
255,200,7.608247422680412,2
255,300,9.782783333333333,3
255,400,7.903871428571429,4
255,500,4.130648333333333,5
255,600,5.835880487804879,6
255,700,13.288152380952381,7
255,800,11.516675757575758,8
255,900,9.182683333333333,9
256,100,3.134513333333333,1
256,200,0.9464928571428571,2
256,500,4.2584884615384615,5
256,600,6.186128947368421,6
256,700,0.15096190476190477,7
256,800,0.009571,8
256,900,0.01685,9
257,200,10.274778947368421,2
257,300,9.187833333333334,3
257,400,7.561425471698113,4
257,600,11.253729411764706,6
257,700,3.9848020833333333,7
257,800,19.877200000000002,8
257,900,15.000966666666665,9
258,0,7.252460240963855,0
258,100,10.762522522522524,1
258,200,5.900883276450513,2
258,300,12.465205303030302,3
258,400,15.936588235294117,4
258,500,11.77015806451613,5
258,600,14.360678823529412,6
258,700,13.968376000000001,7
258,800,10.487256,8
258,900,17.186858620689655,9
259,200,6.244783606557378,2
259,600,8.154926666666666,6
259,700,10.384726923076924,7
260,300,29.147639285714288,3
260,400,28.507198,4
260,500,39.856917021276594,5
260,600,42.096804761904764,6
260,700,42.9104875,7
260,800,25.31463,8
260,900,31.30162272727273,9
261,200,4.239966666666667,2
261,300,13.103985131195335,3
261,400,18.011622831858407,4
261,500,20.614980566037737,5
261,600,26.104960714285713,6
261,700,18.738623250564334,7
261,800,17.53300158227848,8
261,900,18.255740425531915,9
262,200,17.80609756097561,2
262,300,29.78644536082474,3
262,400,33.47540046,4
262,500,35.55203641304348,5
262,600,43.0334,6
262,700,34.576505714285716,7
262,800,29.67602093023256,8
262,900,28.50354625,9
263,300,20.14362222222222,3
263,700,11.180766666666665,7
263,800,20.11954666666667,8
264,200,21.5772,2
264,300,20.9011,3
264,400,26.0674,4
264,500,16.35304,5
264,600,22.040775,6
264,700,24.060375,7
264,800,22.058325,8
264,900,21.229575,9
265,200,25.67086666666667,2
265,300,29.471834439834023,3
265,400,22.806437931034484,4
265,500,24.005888505747127,5
265,600,25.919408278145696,6
265,700,24.381186404833837,7
265,800,25.335424193548388,8
265,900,17.292148148148147,9
266,200,10.748285714285714,2
266,300,11.6773,3
266,500,11.766607692307693,5
266,600,14.583280952380951,6
266,700,11.969520512820512,7
266,800,16.06174642857143,8
267,200,5.750509150326797,2
267,300,13.578580260303687,3
267,400,14.699262630480167,4
267,500,19.763290508940855,5
267,600,15.418471471025262,6
267,700,11.722832122905029,7
267,800,11.966498371335506,8
267,900,7.319084071,9
268,200,5.903409090909091,2
268,300,2.8987191666666665,3
268,400,12.163779310344827,4
268,500,12.570269999999999,5
268,600,10.142048780487805,6
268,800,7.898873493975904,8
268,900,1.2632492063492062,9
269,200,18.103745454545454,2
269,300,4.262446521739131,3
269,400,5.318770762711865,4
269,500,2.499952090032154,5
269,600,3.4031378787878785,6
269,700,4.515961386138613,7
269,800,3.608628086419753,8
269,900,8.314625714285715,9
270,200,18.40386,2
270,300,11.951773333333334,3
270,400,10.342291666666666,4
270,500,13.183571428571428,5
270,600,10.59713142857143,6
270,700,8.628731818181818,7
270,800,11.074618181818181,8
271,300,12.884772093023257,3
271,500,10.222472222222223,5
271,600,12.581133333333334,6
271,700,14.3107475,7
271,800,21.150613333333336,8
271,900,12.978407142857142,9
272,700,14.1735,7
272,800,15.880761904761904,8
273,200,29.935111764705884,2
273,300,26.69124358974359,3
273,400,25.10600535714286,4
273,500,29.646565999999996,5
273,600,28.60332075471698,6
273,700,28.280380487804877,7
273,800,24.478202702702703,8
273,900,26.888680555555553,9
274,200,21.37820333333333,2
274,300,12.656219899244332,3
274,400,11.144626785714285,4
274,500,12.13948309859155,5
274,600,14.249633139534884,6
274,700,9.274317218543047,7
274,800,13.125222222222222,8
274,900,30.087609090909094,9
275,200,11.87505294117647,2
275,300,21.1842625,3
275,400,21.494778571428572,4
275,500,25.76200714285714,5
275,600,27.273992857142854,6
275,700,25.340028571428572,7
275,800,22.731133333333332,8
275,900,18.072984210526318,9
276,200,26.51594210526316,2
276,300,31.868068078175895,3
276,400,27.588425252525255,4
276,500,30.900345806451615,5
276,600,29.464239298245612,6
276,700,20.556429460580915,7
276,800,23.076865176470587,8
276,900,30.91621063829787,9
277,200,12.1226,2
277,300,17.256944,3
277,400,5.930011764705882,4
277,500,11.278578787878788,5
277,800,2.10095,8
277,900,4.479401204819277,9
278,200,9.217031818181818,2
278,300,1.952426710816777,3
278,400,1.5757373027259685,4
278,500,1.4844202597402598,5
278,600,1.8309244620611551,6
278,700,2.9846061440677962,7
278,800,3.4842215223097113,8
278,900,3.4689689956331877,9
279,200,0,2
279,300,0,3
279,400,0.034930303,4
280,200,0.015086666666666667,2
280,300,9.773735266457681,3
280,400,13.499092027729636,4
280,500,11.035041983471073,5
280,600,12.38729983974359,6
280,700,9.892682094081943,7
280,800,8.326466153846154,8
280,900,3.394092156862745,9
281,200,0.9531121794871794,2
281,300,3.3542313399778516,3
281,400,3.3122024647887325,4
281,500,3.5903081865284974,5
281,600,3.7942418903150528,6
281,700,2.9981416826003824,7
281,800,3.071749843260188,8
281,900,4.8359524305555555,9
283,200,13.880810416666668,2
283,300,3.698643343653251,3
283,400,7.834198765432099,4
283,500,5.1923566929133855,5
283,600,5.486518306636155,6
283,700,4.481479775280899,7
283,800,8.329940721649484,8
283,900,6.314395238095237,9
286,0,9.728021739130435,0
286,100,10.07731347150259,1
286,200,7.799858620689655,2
286,300,6.662736363636364,3
286,400,9.318340711,4
286,500,7.301006564551423,5
286,600,5.8454715210355985,6
286,700,8.475353184,7
286,800,6.451427655310622,8
286,900,5.7902133531157265,9
287,0,10.568024796747968,0
287,100,16.365077987421383,1
287,200,11.45417085308057,2
287,300,12.94850909090909,3
287,400,10.091519819819819,4
287,500,12.229874212598425,5
287,600,13.245430155642023,6
287,700,14.361931197771586,7
287,800,13.848880693069306,8
287,900,5.817540769230769,9
288,0,6.179968202764977,0
288,100,6.363414035,1
288,200,8.32183,2
288,300,8.215191578947369,3
288,400,9.741941810344828,4
288,500,7.593404776119402,5
288,600,6.634410949,6
288,700,8.348349637681158,7
288,800,8.729855769230769,8
289,0,17.062320833333334,0
289,100,9.179759184,1
289,200,2.616996428571429,2
289,300,1.4325662790697675,3
289,400,5.005995180722891,4
289,500,3.3452293233082706,5
289,600,2.2055959349593497,6
289,700,0.578319,7
289,800,0.002622222,8
289,900,0.002404762,9
290,100,5.641333333333333,1
290,400,5.723528571428572,4
290,700,10.4342,7
290,800,5.926387500000001,8
291,0,25.402961538461536,0
291,100,27.0521,1
291,300,22.71185,3
291,400,17.565533333333335,4
291,500,25.458792307692306,5
292,200,0.25508000000000003,2
292,500,1.698588,5
294,0,6.612294375,0
294,100,9.833494059,1
294,200,10.192420731707317,2
294,300,9.271518442622952,3
294,400,11.698245238095238,4
294,500,9.358077966101696,5
294,600,5.406829460580913,6
294,700,5.785513895781638,7
294,800,3.6238713432835823,8
294,900,3.2493258620689653,9
295,100,1.8851082352941175,1
295,200,0.0177,2
295,300,9.467913333333334,3
295,400,12.364425,4
295,500,12.09652,5
295,600,10.25086875,6
295,700,9.8032,7
297,0,15.51529069767442,0
297,100,11.240035766423357,1
297,200,14.93965575221239,2
297,300,10.954597841726619,3
297,400,10.53149870967742,4
297,500,17.69528906,5
297,600,13.699620000000001,6
297,700,22.383774418604652,7
297,800,18.279809836065574,8
297,900,11.134646511627908,9
299,0,25.578733333333332,0
299,100,28.437066666666666,1
299,300,21.969233333333335,3
299,400,1.985890476190476,4
299,500,45.7941,5
300,0,4.889116455696203,0
300,100,8.441025806451613,1
300,200,4.538822580645161,2
300,300,7.017757352941176,3
300,400,4.6177432160804015,4
300,500,5.388100862068965,5
300,600,5.132287234042553,6
300,700,5.593354545454545,7
300,800,4.428366666666666,8
300,900,2.84162619,9
301,200,4.743291111111111,2
301,300,12.346610774410776,3
301,400,12.115577892030847,4
301,500,12.213367656765676,5
301,600,12.024198224852071,6
301,700,9.478027272727273,7
301,800,12.738390588235294,8
301,900,11.549268831168831,9
302,200,6.5575025,2
302,300,8.390880687,3
302,400,6.798450955414013,4
302,500,5.836507079646018,5
302,600,6.380581699346405,6
302,700,7.479275757575758,7
302,800,7.055296396396396,8
302,900,6.810654878048781,9
303,200,2.772826530612245,2
303,300,2.469517355371901,3
303,400,1.8686143835616438,4
303,500,0,5
303,600,0.24856923076923076,6
304,200,12.501158536585367,2
304,300,4.738984431137724,3
304,400,7.626750480769231,4
304,500,13.332198076923078,5
304,600,17.143425531914893,6
304,700,25.312924,7
304,800,23.492794285714286,8
304,900,20.44093783783784,9
305,200,1.4886717325227965,2
305,300,4.6060371621621625,3
305,400,2.5731362433862435,4
305,500,7.0359694444444445,5
305,600,5.596183894,6
305,700,4.617388620689655,7
305,800,6.600270402,8
305,900,3.7345515151515154,9
306,200,14.506582352941177,2
306,300,19.283640112994348,3
306,400,25.315520714285714,4
306,500,14.54769557195572,5
306,600,15.789116428571427,6
306,700,28.47794297,7
306,800,17.678632413793103,8
306,900,26.940553333333334,9
307,200,7.060074999999999,2
307,300,16.93208918918919,3
307,500,37.54176,5
307,600,29.760292857142854,6
307,700,21.806561904761903,7
307,800,3.0024424242424246,8
307,900,0,9
308,200,7.519230769230769,2
308,300,4.448455142503098,3
308,400,2.3868603340292274,4
308,500,4.7371842900302115,5
308,600,6.077689671361503,6
308,700,7.141746052631579,7
308,800,6.051750113378685,8
308,900,22.397489999999998,9
309,200,0.4555047619047619,2
309,300,9.825501986754967,3
309,400,9.27643,4
309,500,8.966680496,5
309,600,7.677309024390244,6
309,700,7.3848447916666675,7
309,800,8.504032584269662,8
309,900,2.7473241935483874,9
310,200,12.682332758620689,2
310,300,21.44498725,3
310,400,21.30796596306069,4
310,500,14.771243790849674,5
310,600,14.003196584440227,6
310,700,12.230260727272727,7
310,800,13.6579878,8
310,900,17.453992151898735,9
313,300,19.583000000000002,3
313,400,18.81320412371134,4
313,500,20.016001886792452,5
313,600,19.639738,6
313,700,21.487129166666666,7
313,800,15.139401639344262,8
313,900,20.05281914893617,9
314,200,42.605941666666666,2
314,300,31.01581856287425,3
314,400,31.104223626373628,4
314,500,32.00356764705882,5
314,600,30.662510497237566,6
314,700,25.76055641025641,7
314,800,33.15811192,8
314,900,31.054180000000002,9
315,0,17.94106626506024,0
315,100,15.016007610350076,1
315,200,17.3953022,2
315,300,13.581017690875234,3
315,400,9.850716894197951,4
315,500,14.965588180112569,5
315,600,18.16880119760479,6
315,700,14.314775855513309,7
315,800,7.669593890386343,8
315,900,7.7696346869712345,9
316,0,0.001769492,0
316,100,1.4979120754716981,1
316,200,1.2291949416342411,2
316,300,1.7394377682403432,3
316,400,2.5666454545454545,4
316,500,2.445137784090909,5
316,600,2.590625572519084,6
316,700,1.8114346666666665,7
316,800,0.00247,8
316,900,0.002197561,9
317,200,20.685576,2
317,300,10.04731867219917,3
317,400,8.954137058,4
317,500,9.195354545454546,5
317,600,12.912128629032258,6
317,700,16.35786848341232,7
317,800,21.60553350515464,8
317,900,31.43929375,9
318,300,18.035225,3
318,400,5.794879411764706,4
318,500,4.034740579710145,5
318,600,10.094133333333334,6
318,700,4.436634782608695,7
318,800,3.8066820000000003,8
318,900,4.309292063492063,9
319,200,31.712415384615383,2
319,300,29.748261835748792,3
319,400,36.93866267281106,4
319,500,38.42029915611814,5
319,600,39.666989666666666,6
319,700,45.791026136363634,7
319,800,42.437475,8
319,900,38.07952884615384,9
320,200,9.49371,2
320,300,7.1665673611111105,3
320,400,9.11282809,4
320,500,6.391572826086956,5
320,600,7.566103012048193,6
320,700,6.825817266,7
320,800,4.193801652892562,8
320,900,8.796171153846153,9
321,600,15.444374468085105,6
322,300,14.658641666666668,3
322,400,13.190553333333332,4
322,500,14.893848571428572,5
322,600,26.29415714285714,6
322,700,19.03096,7
323,300,21.7645,3
323,400,12.4802,4
323,500,16.5023,5
324,200,1.558124,2
324,300,20.19107837837838,3
324,400,24.539134567901236,4
324,500,32.009101470588234,5
324,600,29.30986626506024,6
324,700,21.013461000000003,7
324,800,24.64659275362319,8
325,200,0.0212,2
325,300,13.996866666666666,3
325,400,10.940595454545456,4
325,500,17.944890909090912,5
325,600,17.553775,6
325,700,10.265876315789473,7
325,800,14.444739130434781,8
325,900,18.9211,9
326,200,0.5806138392857143,2
326,300,11.199666337719298,3
326,400,11.373802987697715,4
326,500,16.912369791666666,5
326,600,15.282750117924529,6
326,700,15.800635668789809,7
326,800,10.707370512820512,8
326,900,1.2269719594594595,9
329,200,7.304225641025641,2
329,300,8.846166429,3
329,400,9.856210322580646,4
329,500,8.598995399515738,5
329,600,10.732094974874373,6
329,700,6.456361363636363,7
329,800,5.568859810874705,8
329,900,7.287558461538461,9
330,400,6.391777777777778,4
330,600,7.1436,6
330,700,4.5683,7
330,800,5.276955,8
331,200,7.512868067226891,2
331,300,3.735253992395437,3
331,400,5.275585523385301,4
331,500,3.798380731707317,5
331,600,4.037803096539163,6
331,700,4.862051158301158,7
331,800,7.048621065989848,8
331,900,0,9
333,0,15.816910000000002,0
333,100,14.702245454545455,1
333,300,7.750253521126761,3
333,400,11.308276666666668,4
333,900,3.2299333333333333,9
334,0,3.880134228187919,0
334,100,7.712154487179487,1
334,200,7.2774034408602155,2
334,300,6.066339513325609,3
334,400,5.364546855345912,4
334,500,7.411669656992085,5
334,600,8.249721862348178,6
334,700,10.060220634920634,7
334,800,7.842473648648648,8
334,900,6.448132258064516,9
335,0,20.794666666666668,0
335,100,4.715456061,1
335,200,32.716141666666665,2
335,400,7.7669263157894735,4
335,500,3.2450405405405407,5
335,600,6.389486387434555,6
335,700,0.47991666666666666,7
335,800,3.807411415525114,8
335,900,4.669175362,9
336,100,2.4993585987261144,1
336,200,10.281467741935485,2
336,300,4.999136956521739,3
336,400,7.826829629629629,4
336,500,6.765888333333334,5
336,600,4.778475342465754,6
337,200,0,2
337,300,5.95817,3
337,400,22.251825,4
337,500,9.645882608695652,5
338,200,1.8138750000000001,2
338,300,1.7680976744186045,3
338,400,1.207202,4
338,500,1.6574538011695907,5
338,600,1.5533381443298968,6
338,700,3.0171753424657535,7
338,800,2.9022658119658122,8
338,900,0.5636481481481481,9
340,200,3.6327693548387097,2
340,300,6.3325401106500685,3
340,400,7.799497833333334,4
340,500,7.071151879699248,5
340,600,5.524664676616915,6
340,700,8.106246604938272,7
340,800,5.536485549132949,8
340,900,4.459816564417178,9
341,200,0,2
341,300,10.711239642857143,3
341,400,14.202820625000001,4
341,500,8.908956354,5
341,600,9.159710132,6
341,700,12.491450931677019,7
341,800,12.520028426395939,8
341,900,1.838670769230769,9
342,0,7.272393172690763,0
342,100,4.780301927,1
342,200,4.570541935,2
342,300,4.305176758,3
342,400,4.044358449304175,4
342,500,4.679603836930456,5
342,600,6.617563620071684,6
342,700,5.949613958333333,7
342,800,4.488042827868853,8
342,900,0.079972581,9
343,400,6.809828571428572,4
343,500,0.10142692307692308,5
343,900,0.032583333,9
344,0,13.787514336917562,0
344,100,9.104403103448275,1
344,200,9.980308058608058,2
344,300,10.687770764119602,3
344,400,7.963854035,4
344,500,10.22491046153846,5
344,600,11.48042935323383,6
344,700,11.279534762979683,7
344,800,7.883423830409357,8
344,900,4.6649303977272725,9
345,0,11.777056198347108,0
345,100,16.56284491,1
345,200,17.089491836734695,2
345,300,20.05175938,3
345,400,13.961281677018633,4
345,500,14.518543730886849,5
345,600,9.586562716763005,6
345,700,13.994719520547944,7
345,800,11.833012679425838,8
345,900,30.107175,9
346,0,4.154512380952381,0
346,100,13.500018,1
346,200,11.914236111111112,2
346,300,6.849498620689656,3
346,400,5.198122448979592,4
346,500,4.989061151079137,5
346,600,11.078086585365854,6
346,700,10.73946625,7
346,800,7.555715517241379,8
346,900,20.005246666666668,9
347,200,29.38262702702703,2
347,300,21.200745733041575,3
347,400,19.85948088531187,4
347,500,17.213022866344605,5
347,600,21.06453401221996,6
347,700,16.211971096345515,7
347,800,19.383938492871692,8
347,900,18.314492238805972,9
348,300,17.05528,3
348,400,23.3776,4
348,500,6.708773913043479,5
348,600,22.222125,6
348,700,0.003946667,7
348,800,3.06506625,8
348,900,13.7789,9
349,200,0.24671022727272726,2
349,300,4.792678941,3
349,400,5.795513352272727,4
349,500,4.646081156316916,5
349,600,6.540168148148148,6
349,700,5.315156616,7
349,800,4.118615327102804,8
349,900,4.914488179669031,9
350,300,15.920575,3
350,400,13.661,4
350,500,13.214177777777778,5
350,700,11.300585714285715,7
350,800,0.010100000000000001,8
350,900,2.1288709677419355,9
351,200,2.635268235294118,2
351,300,7.737561538461539,3
351,400,8.136958783783784,4
351,500,7.415487128712872,5
351,600,6.030429968454258,6
351,700,4.810201461988304,7
351,800,6.053196978021978,8
351,900,9.210899019607844,9
352,300,23.9307,3
352,400,29.137981818181814,4
352,500,27.48024736842105,5
352,600,31.92936923076923,6
352,700,32.29305333333333,7
352,800,35.091390000000004,8
353,200,2.617924,2
353,300,9.033262962962963,3
353,400,26.167192783505158,4
353,500,20.56415846153846,5
353,600,15.891756050955415,6
353,700,14.442775000000001,7
353,800,13.039420103092784,8
353,900,30.624337931034486,9
354,300,18.666373684210527,3
354,400,9.30601875,4
354,500,22.171430188679246,5
354,700,11.856602272727274,7
354,800,4.657170967741935,8
354,900,4.035980882352941,9
355,200,29.417399401197606,2
355,300,14.684321382636655,3
355,400,16.249305397727273,4
355,500,7.849111635220125,5
355,600,6.605981148564295,6
355,700,6.964514785373609,7
355,800,8.088827575442247,8
355,900,11.684042692307692,9
356,200,10.607872619047619,2
356,300,14.71570313,3
356,400,16.36064700854701,4
356,500,13.614174074074073,5
356,600,13.362021186440678,6
356,700,11.935701041666666,7
356,800,13.790249999999999,8
356,900,24.724123404255316,9
357,200,12.287767567567567,2
357,300,14.527344341801387,3
357,400,21.687443092105262,4
357,500,26.03463114754098,5
357,600,22.514013541666667,6
357,700,32.62596948356808,7
357,800,23.269668780487805,8
357,900,21.708420408163263,9
358,200,16.391770588235293,2
358,300,10.178264084507042,3
358,400,7.955942953020134,4
358,500,16.282596511627908,5
358,600,9.682251200000001,6
358,700,4.711872993,7
358,800,5.520237333333333,8
358,900,5.548074528301887,9
359,300,7.894190721649484,3
359,400,2.066345922746781,4
359,500,2.1609968085106384,5
359,600,2.0001762626262627,6
359,700,1.847163503649635,7
359,800,4.32405,8
359,900,28.41225,9
360,200,5.770073913043478,2
360,300,5.020393127962086,3
360,400,2.8529441108545037,4
360,500,3.1312283813747226,5
360,600,3.4189731285988487,6
360,700,3.095152079207921,7
360,800,4.341401176470588,8
360,900,11.946734782608695,9
361,300,25.947200000000002,3
361,400,25.524966666666668,4
361,500,3.5317,5
361,600,24.5552,6
361,800,24.59518,8
362,200,20.216424999999997,2
362,300,19.205229213483147,3
362,400,18.726425,4
362,500,21.800839285714286,5
362,600,10.526170860927152,6
362,700,9.342542285714286,7
362,800,17.449938095238096,8
362,900,10.590136363636363,9
363,200,2.4985461538461538,2
363,300,0.281096,3
363,400,0.5687301886792453,4
363,800,0.8194708333333334,8
363,900,0.005951786,9
364,200,0.7974899999999999,2
364,300,3.415243076923077,3
364,400,6.38516875,4
364,500,4.0801894308943085,5
364,600,6.5482683453237405,6
364,700,7.053960629921259,7
364,800,3.1753597345132745,8
364,900,1.2427061224489797,9
365,200,22.843420000000002,2
365,300,18.0797,3
365,400,24.60859411764706,4
365,500,19.252365714285716,5
365,600,16.650196153846153,6
365,700,11.64581794871795,7
365,800,19.254734615384617,8
365,900,8.152907692307691,9
366,200,0.7951453781512605,2
366,300,3.343963957399103,3
366,400,3.7562291766109785,4
366,500,4.820831722054381,5
366,600,4.585267795138889,6
366,700,3.4307593379138037,7
366,800,3.5644632362459547,8
366,900,6.085855737704917,9
367,0,19.94354900990099,0
367,100,19.859803448275862,1
367,200,28.40255407407407,2
367,300,20.957316,3
367,400,21.88551734104046,4
367,500,19.547293989071036,5
367,600,12.525577358490565,6
367,700,15.28747570093458,7
367,800,13.789147970479705,8
367,900,23.51869239130435,9
369,0,26.781807142857144,0
369,100,26.966615686274512,1
369,200,22.366401219512195,2
369,300,29.647144019138757,3
369,400,31.069879518072288,4
369,500,33.06746385542169,5
369,600,32.50571474358974,6
369,700,31.50357043478261,7
369,800,28.33849109311741,8
369,900,19.852262264150944,9
370,0,23.15888684210526,0
370,100,20.143594285714286,1
370,200,23.66023103448276,2
370,300,21.699447368421055,3
370,400,13.6774,4
370,500,16.18859844,5
370,600,14.001595714285715,6
370,700,18.27448932038835,7
370,800,18.10509861111111,8
371,400,13.817088888888888,4
371,500,11.64293,5
372,200,26.14127142857143,2
372,300,30.2937875,3
372,400,25.24317619047619,4
372,500,22.950387999999997,5
372,600,26.754624137931035,6
372,700,27.559566666666665,7
372,800,26.273626666666665,8
372,900,29.400692307692307,9
373,100,11.589480434782608,1
373,200,5.593812000000001,2
373,300,4.6510750000000005,3
373,400,10.24345652173913,4
373,500,7.975143137254902,5
373,600,4.693379069767442,6
373,700,15.0193,7
373,800,15.404525,8
373,900,19.772000000000002,9
374,0,12.441505573248408,0
374,100,19.04797776049767,1
374,200,18.441206057098764,2
374,300,17.50789397810219,3
374,400,18.470483372039016,4
374,500,18.881656531332744,5
374,600,16.892346964440588,6
374,700,15.874951768867925,7
374,800,14.663430325617888,8
374,900,23.036178351539224,9
375,0,3.6036614583333333,0
375,100,3.373737226277372,1
375,200,4.639299519230769,2
375,300,1.4408326086956522,3
375,400,1.938696923076923,4
375,500,7.531355,5
375,600,2.7397963768115945,6
375,700,0,7
375,800,3.3963537313432837,8
375,900,1.5775707692307692,9
376,0,11.644611023622048,0
376,100,10.56869665775401,1
376,200,9.248564587973274,2
376,300,11.278110677382319,3
376,400,11.12912064516129,4
376,500,14.708920789473684,5
376,600,16.934167232597623,6
376,700,17.858352913385826,7
376,800,15.639160382513662,8
376,900,9.839773397435899,9
377,200,25.89041030927835,2
377,300,5.609861971830986,3
377,400,4.722818846153846,4
377,500,4.2844804000000005,5
377,600,4.1777659405940595,6
377,700,3.740891058122206,7
377,800,5.110789308,8
377,900,13.211169444444444,9
378,300,19.9178625,3
378,400,16.790475,4
378,500,17.35079,5
378,600,27.044952631578948,6
378,700,12.115238636363637,7
378,800,2.0463120772946857,8
378,900,1.0296238095238095,9
379,200,20.0383,2
379,300,3.692729508196721,3
379,400,2.8613254901960783,4
379,500,2.206846111111111,5
379,600,2.274719521912351,6
379,700,3.4907255102040815,7
379,800,3.014475,8
379,900,16.498900000000003,9
380,200,16.886651999999998,2
380,300,4.516929081632653,3
380,400,8.219222222222223,4
380,500,10.288390909090909,5
380,600,4.136103105590062,6
380,700,3.8336809523809525,7
380,800,6.303135772357724,8
380,900,7.59801,9
381,200,0.10393015873015872,2
381,300,4.0127371335504884,3
381,400,5.431957706,4
381,500,6.281708031088083,5
381,600,12.391102459016393,6
381,700,5.091562432432432,7
381,800,5.966266985645934,8
381,900,0.28257738095238094,9
382,200,0.083580952,2
382,300,9.026858088235295,3
382,400,10.682317248908296,4
382,500,11.113774496644297,5
382,600,11.748612931034483,6
382,700,13.0829,7
382,800,13.980304333333333,8
382,900,6.367729333333333,9
385,200,13.937348917748917,2
385,300,20.662222483940045,3
385,400,24.05088647214854,4
385,500,27.618186520376174,5
385,600,26.95653470588235,6
385,700,25.067627374301676,7
385,800,21.208538402061855,8
385,900,20.303215873015873,9
386,200,17.22767142857143,2
386,300,21.049924999999998,3
386,400,21.40381111111111,4
386,500,23.906546153846154,5
386,600,27.37972857142857,6
386,700,22.19048947368421,7
386,800,23.26393181818182,8
386,900,26.918599999999998,9
388,200,31.376433333333335,2
388,300,22.83735,3
388,400,28.468999999999998,4
388,500,22.740566666666666,5
388,600,25.070600000000002,6
388,700,24.206733333333332,7
388,800,23.57212857142857,8
388,900,23.79812857142857,9
389,200,1.7423222222222223,2
389,300,19.97587794117647,3
389,400,30.782579577464787,4
389,500,29.685289473684207,5
389,600,15.741366220735785,6
389,700,25.002568322981368,7
389,800,30.19708699186992,8
389,900,26.761104999999997,9
390,0,9.559710157618214,0
390,100,6.002782166666667,1
390,200,6.833856663055254,2
390,300,4.752915868794326,3
390,400,6.3495239800995025,4
390,500,4.7000997328584155,5
390,600,5.687919321329639,6
390,700,7.186269599303135,7
390,800,5.864922731,8
390,900,3.646145918367347,9
391,0,10.01790142857143,0
391,100,3.3830649999999998,1
391,200,9.975482248520711,2
391,300,7.067872794117647,3
391,400,9.315608475,4
391,500,5.478878753541077,5
391,600,5.175204761904761,6
391,700,5.305934302325582,7
391,800,4.420172307692307,8
391,900,0,9
392,0,33.46221,0
392,100,23.52251883116883,1
392,200,24.841019540229887,2
392,300,28.754625373134328,3
392,400,32.562890277777775,4
392,500,26.139355000000002,5
392,600,31.156472826086958,6
392,700,26.948758088235294,7
392,800,29.36800641025641,8
392,900,28.43517027027027,9
393,0,11.1733,0
393,100,22.055946153846154,1
393,200,24.799875,2
393,300,4.041105263157895,3
393,400,7.081808,4
393,600,13.889,6
393,700,16.4440875,7
393,800,16.0646,8
393,900,25.7129,9
395,300,13.343835294117648,3
395,400,17.35856379310345,4
395,500,17.750189795918367,5
395,600,20.321106818181818,6
395,700,13.279776,7
395,800,13.079583928571427,8
395,900,1.2878833333333333,9
396,0,0,0
396,100,0,1
396,200,2.8885024390243905,2
396,400,2.1389274725274725,4
396,500,7.0283129870129875,5
396,600,1.7836838028169013,6
396,700,0,7
396,800,0,8
396,900,0,9
397,200,11.416940740740742,2
397,300,26.87773333333333,3
397,400,26.215096739130434,4
397,500,31.822983783783783,5
397,600,31.23825194805195,6
397,700,29.62308625,7
397,800,28.66331230769231,8
397,900,23.765138888888888,9
398,300,29.7824,3
398,700,34.87921428571429,7
398,800,24.966829999999998,8
399,0,13.869061538461539,0
399,200,13.702075,2
399,300,17.767707142857144,3
399,400,21.5692,4
399,500,10.031671428571428,5
399,600,1.1099885057471264,6
399,700,3.229240579710145,7
399,800,18.359735294117648,8
400,0,15.809215157116451,0
400,100,14.678056986100952,1
400,200,15.270214665523156,2
400,300,15.768848204309657,3
400,400,14.354450143619204,4
400,500,15.348786694531523,5
400,600,11.115882355197545,6
400,700,12.251250502008032,7
400,800,13.961201566579634,8
400,900,14.771254802680566,9
401,400,20.4943625,4
401,700,7.303,7
402,0,26.777910267857145,0
402,100,11.199216295764536,1
402,200,11.232375697211156,2
402,300,10.808115130940834,3
402,400,8.667197108843537,4
402,500,11.48085916398714,5
402,600,9.229880171740827,6
402,700,13.966893017456357,7
402,800,16.793951383399207,8
402,900,9.594203731343283,9
403,300,26.381096000000003,3
403,500,40.4324,5
403,600,33.7970375,6
403,700,31.87368,7
403,800,29.20325,8
404,600,4.23648125,6
408,300,21.522125675675678,3
408,400,23.796659615384616,4
408,500,35.22582045454545,5
408,600,27.731597402597405,6
408,700,31.832058000000004,7
408,800,36.3976875,8
408,900,29.7613,9
409,200,8.512616483516483,2
409,300,5.868364051094891,3
409,400,6.413115011037527,4
409,500,5.811451317829458,5
409,600,7.4869992,6
409,700,6.3446324,7
409,800,5.762859152215799,8
409,900,2.151312077294686,9
410,0,16.154760638297873,0
410,100,14.437807365439093,1
410,200,15.937021138211382,2
410,300,12.515266757493187,3
410,400,18.458904945054947,4
410,500,16.79461338289963,5
410,600,15.097677557755777,6
410,700,15.061308333333333,7
410,800,12.387832589285713,8
410,900,20.05588317757009,9
411,0,18.99007695652174,0
411,100,16.14419561128527,1
411,200,14.328567114093959,2
411,300,18.156780516431922,3
411,400,16.701574860335196,4
411,500,15.967184131736527,5
411,600,13.21744921630094,6
411,700,11.526125370919882,7
411,800,11.82356911,8
411,900,10.015756048387097,9
412,0,12.88386339869281,0
412,100,14.937501358695652,1
412,200,12.323965671641792,2
412,300,10.324260325203252,3
412,400,8.565176623376622,4
412,500,8.251589541284403,5
412,600,9.523939612676056,6
412,700,11.443204387990763,7
412,800,8.748099373040752,8
412,900,16.64383988764045,9
413,0,23.91988841,0
413,100,26.56674255319149,1
413,200,18.615672527472526,2
413,300,27.413076,3
413,400,25.462186666666668,4
413,500,18.590696551724136,5
413,600,15.848453846153847,6
413,700,8.701039285714286,7
413,800,9.506238993710692,8
413,900,9.751564583333334,9
414,0,9.693875714285713,0
414,100,20.13394512195122,1
414,200,8.253148241,2
414,300,13.642961450381678,3
414,400,10.348126717557252,4
414,500,10.26703,5
414,600,9.665204969,6
414,700,4.843716633266533,7
414,800,5.937846167247387,8
414,900,5.408776595744681,9
415,900,19.313222222222223,9
416,200,20.2781,2
416,300,18.6273,3
416,600,20.5083,6
416,800,16.1571,8
417,100,16.2053,1
417,200,17.25026666666667,2
417,300,13.325466666666665,3
417,400,10.7869,4
417,800,14.7532,8
418,0,20.11784659949622,0
418,100,17.39675304101839,1
418,200,17.465337195994277,2
418,300,19.45674746543779,3
418,400,27.619711764705883,4
418,500,24.308129010989013,5
418,600,17.954677470355733,6
418,700,16.342543253467845,7
418,800,16.321224373956593,8
418,900,13.747622361809047,9
419,0,0.011583000000000001,0
419,100,0.9440436619718311,1
421,0,1.2973725,0
421,100,0.18475323741007196,1
421,200,0,2
421,300,0.2552362745098039,3
421,400,0.5412219251336898,4
421,500,0.670589697,5
421,600,0.7618468899521531,6
421,700,0.5377635802469136,7
421,800,0.6232666666666667,8
421,900,1.187664705882353,9
422,200,29.0793,2
422,300,16.3396,3
422,400,22.452385714285715,4
422,500,11.16414,5
422,600,20.465184615384615,6
422,800,19.524661538461537,8
423,0,0.27635000000000004,0
423,200,0.9355625,2
423,300,0.8316310810810811,3
423,400,1.6694749999999998,4
423,500,0.33871724137931036,5
423,600,0.021628169014084507,6
423,700,0.4865770053475936,7
423,800,0.13737403314917127,8
423,900,0.001525301,9
