link_id,100s_interval,link_speed
0.0,0.0,26.21581875
0.0,100.0,22.6297
0.0,200.0,27.8102
0.0,300.0,24.778388888888887
0.0,400.0,18.7698
0.0,500.0,14.24485
0.0,600.0,29.505029999999998
1.0,0.0,32.262595
1.0,100.0,32.38222127659574
1.0,200.0,33.136964285714285
1.0,300.0,32.37423666666667
1.0,400.0,27.177346575342465
1.0,500.0,33.97960322580645
1.0,600.0,33.120157142857146
4.0,0.0,32.575259595959594
4.0,100.0,28.014804188481673
4.0,200.0,26.545791191709846
4.0,300.0,24.75592804878049
4.0,400.0,22.985394413407818
4.0,500.0,17.762103067484663
4.0,600.0,17.324065277777777
4.0,700.0,20.54126825396825
5.0,100.0,10.962966666666667
5.0,400.0,15.76145
6.0,300.0,24.3604
6.0,400.0,23.456400000000002
6.0,500.0,9.784180000000001
6.0,600.0,28.7449
7.0,0.0,33.84915390625
7.0,100.0,30.08353551401869
7.0,200.0,26.553409150326797
7.0,300.0,23.16763375
7.0,400.0,23.78305496183206
7.0,500.0,25.213369724770644
8.0,0.0,37.46721052631579
8.0,100.0,33.967686486486485
8.0,200.0,33.27004347826087
8.0,300.0,36.924484
8.0,400.0,35.537925925925926
8.0,500.0,34.133725
8.0,600.0,20.66399285714286
9.0,100.0,20.9032
9.0,200.0,12.004275
9.0,400.0,18.344925
9.0,500.0,15.537033333333333
9.0,600.0,20.021366666666665
10.0,100.0,7.40172
10.0,300.0,4.005533333333333
10.0,500.0,23.003433333333334
10.0,600.0,29.3598
13.0,0.0,18.97554285714286
13.0,100.0,9.544066666666666
13.0,200.0,25.42902
13.0,300.0,18.846038095238093
13.0,400.0,19.218944444444443
13.0,500.0,26.67437
13.0,600.0,21.86521666666667
14.0,200.0,22.372100000000003
14.0,400.0,4.67995
14.0,500.0,10.017133333333334
15.0,0.0,18.916671428571426
15.0,100.0,2.0457035971223023
15.0,200.0,3.623958024691358
15.0,300.0,3.537930215827338
15.0,400.0,2.2392524590163934
15.0,500.0,2.732353968253968
15.0,600.0,28.601284615384614
16.0,0.0,4.580154198473282
16.0,100.0,4.880628818443804
16.0,200.0,12.0973375
16.0,300.0,4.473382437275985
16.0,400.0,5.183961744966443
16.0,500.0,3.033812427745665
16.0,600.0,4.5540979933110375
16.0,700.0,3.3199796407185627
16.0,800.0,5.021641666666667
19.0,0.0,19.219538410596027
19.0,100.0,22.38717197802198
19.0,200.0,21.98594520547945
19.0,300.0,18.797847422680412
19.0,400.0,31.167705882352944
19.0,500.0,33.49484521739131
19.0,600.0,30.285285245901637
19.0,700.0,29.999361538461535
20.0,0.0,26.004247435897437
20.0,100.0,35.52688431372549
20.0,200.0,29.421499074074077
20.0,300.0,23.130733695652175
20.0,400.0,32.71787384615384
20.0,500.0,23.138657446808512
20.0,600.0,29.36743253012048
21.0,0.0,7.037286443381181
21.0,100.0,9.222903402366864
21.0,200.0,8.322598940397352
21.0,300.0,8.448661603888214
21.0,400.0,7.897763114754098
21.0,500.0,8.108985991678225
21.0,600.0,9.16958242320819
21.0,700.0,10.69258775510204
22.0,0.0,19.15357421875
22.0,100.0,15.091471391752577
22.0,200.0,24.387701408450706
22.0,300.0,20.634335294117648
22.0,400.0,23.966790595611286
22.0,500.0,24.470925555555556
22.0,600.0,44.115939374999996
22.0,700.0,23.67436
23.0,0.0,40.26369051724138
23.0,100.0,34.61104916666667
23.0,200.0,34.10092065217391
23.0,300.0,39.21688359375
23.0,400.0,38.07708660714286
23.0,500.0,31.33456821705426
23.0,600.0,28.165957077625574
24.0,0.0,14.939270478170478
24.0,100.0,14.07121418338109
24.0,200.0,12.141070212765957
24.0,300.0,15.97864735729387
24.0,400.0,26.62332474226804
24.0,500.0,17.146788221709006
24.0,600.0,23.84200410958904
24.0,700.0,21.94532705882353
25.0,200.0,5.5654382978723405
25.0,300.0,17.5175875
25.0,400.0,22.42246
25.0,500.0,22.36646
26.0,0.0,18.303991346153847
26.0,100.0,37.43297096774194
26.0,200.0,29.69140963855422
26.0,300.0,28.61030625
26.0,400.0,20.97935093167702
26.0,500.0,8.951400579710146
26.0,600.0,28.581355555555554
27.0,0.0,23.28599822222222
27.0,100.0,12.36834907063197
27.0,200.0,9.639959493670887
27.0,300.0,12.433403081232493
27.0,400.0,8.1663916827853
27.0,500.0,10.402441448692153
27.0,600.0,5.003559292035398
28.0,0.0,26.626464285714288
28.0,100.0,21.36346
28.0,200.0,26.616903703703702
28.0,300.0,8.54517358490566
28.0,400.0,4.723224347826087
28.0,500.0,2.328804255319149
28.0,600.0,7.11001214953271
29.0,100.0,13.6773
29.0,200.0,4.4987200000000005
30.0,0.0,6.626062291870715
30.0,100.0,8.76151600660066
30.0,200.0,9.97790938271605
30.0,300.0,10.125643509272468
30.0,400.0,7.014456346749226
30.0,500.0,7.000304347826088
30.0,600.0,7.36509850448654
30.0,700.0,2.639105369127517
31.0,0.0,29.092683720930232
31.0,100.0,36.39965155279503
31.0,200.0,34.05710051020408
31.0,300.0,34.549472807017544
31.0,400.0,31.647683333333333
31.0,500.0,27.081605857740588
31.0,600.0,17.253278997613364
31.0,700.0,26.120121333333334
32.0,100.0,17.891306
32.0,200.0,20.338405769230768
32.0,300.0,10.329334821428573
32.0,400.0,7.391640131578947
32.0,500.0,19.222949999999997
32.0,600.0,17.176132142857142
32.0,700.0,16.325588888888888
33.0,0.0,15.825157721518986
33.0,100.0,17.851605223880597
33.0,200.0,25.11554610778443
33.0,300.0,20.792446360153257
33.0,400.0,21.51199226006192
33.0,500.0,15.85154717348928
33.0,600.0,18.57253936430318
33.0,700.0,24.292807894736843
34.0,0.0,21.46395415019763
34.0,100.0,21.14908906666667
34.0,200.0,31.61493069767442
34.0,300.0,22.966855913978495
34.0,400.0,21.10179135802469
34.0,500.0,18.1881480349345
34.0,600.0,17.413811111111112
34.0,700.0,16.677828846153847
35.0,0.0,8.399721686746988
35.0,100.0,4.268989361702127
35.0,200.0,12.920843902439024
35.0,300.0,6.908013333333333
35.0,400.0,12.281831250000002
35.0,500.0,5.340736153846154
35.0,600.0,9.103663636363637
36.0,0.0,13.136356000000001
36.0,100.0,7.029746153846154
36.0,200.0,8.41455439330544
36.0,300.0,7.425119413919414
36.0,400.0,5.384605092592592
36.0,500.0,5.580681672025723
36.0,600.0,4.662459574468085
37.0,0.0,8.484517478510028
37.0,100.0,9.348364171122995
37.0,200.0,8.39505543478261
37.0,300.0,11.66943354037267
37.0,400.0,11.384007614213198
37.0,500.0,9.039665714285714
37.0,600.0,11.70462868852459
37.0,700.0,0.1860090909090909
38.0,0.0,28.2865775
38.0,100.0,20.660689156626507
38.0,200.0,25.29074565217391
38.0,300.0,26.057378947368424
38.0,400.0,33.598928
38.0,500.0,29.238665573770493
38.0,600.0,27.45541935483871
39.0,0.0,7.5525473267326735
39.0,100.0,12.975006589147286
39.0,200.0,6.110990957446808
39.0,300.0,9.071347368421053
39.0,400.0,11.007358951965065
39.0,500.0,13.662405405405405
39.0,600.0,8.512367741935485
39.0,700.0,1.648840909090909
40.0,0.0,16.675340659340662
40.0,100.0,16.713784943181818
40.0,200.0,13.952015420560747
40.0,300.0,12.144390322580646
40.0,400.0,12.722498167539268
40.0,500.0,9.460010805860806
40.0,600.0,20.17856111111111
40.0,700.0,16.438854651162792
41.0,0.0,18.4409325203252
41.0,100.0,33.16250877192982
41.0,200.0,27.298701315789476
41.0,300.0,31.620793548387095
41.0,400.0,14.374876262626263
41.0,500.0,31.04942328767123
41.0,600.0,16.472268
42.0,0.0,30.510984946236558
42.0,100.0,23.75793176470588
42.0,200.0,35.64999705882353
42.0,300.0,33.955564788732396
42.0,400.0,34.183829411764705
42.0,500.0,34.83587619047619
42.0,600.0,34.22537878787879
43.0,0.0,24.418811111111115
43.0,100.0,26.793536363636363
43.0,200.0,28.848657692307693
43.0,300.0,24.29499
43.0,400.0,29.128336363636365
43.0,500.0,17.80287564102564
43.0,600.0,24.46502
44.0,0.0,16.58933955223881
44.0,100.0,17.895405555555556
44.0,200.0,11.756530941704035
44.0,300.0,21.07710338983051
44.0,400.0,25.050744444444447
44.0,500.0,17.42586582278481
44.0,600.0,12.3607
45.0,0.0,16.15813745173745
45.0,100.0,12.534991366906475
45.0,200.0,13.490576616915423
45.0,300.0,8.995617050691244
45.0,400.0,12.732989082969432
45.0,500.0,13.815799140401145
45.0,600.0,8.16345882352941
46.0,0.0,32.43428125
46.0,100.0,30.136558333333337
46.0,200.0,32.05396551724138
46.0,300.0,27.816986842105262
46.0,400.0,25.377964102564103
46.0,500.0,26.760414285714287
47.0,0.0,21.938717592592592
47.0,100.0,28.804914545454544
47.0,200.0,34.59147666666667
47.0,300.0,34.27423934426229
47.0,400.0,39.84938
47.0,500.0,39.57322380952381
47.0,600.0,39.11250888888889
48.0,0.0,24.43190277777778
48.0,100.0,13.416088571428572
48.0,200.0,25.046116666666666
48.0,300.0,22.07463157894737
48.0,400.0,22.93333076923077
48.0,500.0,24.08611935483871
48.0,600.0,14.9309
49.0,0.0,8.534206701030927
49.0,100.0,6.120702164502164
49.0,200.0,6.567902504472272
49.0,300.0,7.858254460093897
49.0,400.0,11.012777848101265
49.0,500.0,7.310411011904762
49.0,600.0,10.896022950819672
49.0,700.0,5.314727027027027
50.0,0.0,10.772165092402464
50.0,100.0,12.876840932642486
50.0,200.0,14.13536119162641
50.0,300.0,12.649744397463001
50.0,400.0,11.830120543806647
50.0,500.0,13.840078873239438
50.0,600.0,12.337600296296296
50.0,700.0,15.3792
51.0,0.0,18.375882894736844
51.0,100.0,13.003240869565216
51.0,200.0,10.647655050505051
51.0,300.0,7.3319336996337
51.0,400.0,6.133729166666666
51.0,500.0,7.567158823529412
51.0,600.0,7.146246857142858
52.0,0.0,7.510260256410256
52.0,100.0,2.880919090909091
52.0,200.0,9.976222347066168
52.0,300.0,4.971870388958595
52.0,400.0,4.721851370967742
52.0,500.0,3.667444315992293
52.0,600.0,13.862384139784945
53.0,0.0,5.247038157894737
53.0,100.0,4.072120161290322
53.0,200.0,4.166455072463768
53.0,300.0,4.091939583333333
53.0,400.0,6.238968531468531
53.0,500.0,4.467470149253731
53.0,600.0,2.0892967213114755
55.0,0.0,32.74634210526315
55.0,100.0,26.32792105263158
55.0,200.0,27.273073529411764
55.0,300.0,28.135526315789477
55.0,400.0,30.029521428571428
55.0,500.0,26.536685714285714
55.0,600.0,23.82636
56.0,0.0,24.381050000000002
56.0,100.0,14.31493888888889
56.0,200.0,12.557727777777778
56.0,300.0,16.459899999999998
56.0,400.0,14.805332258064517
56.0,500.0,14.30678947368421
56.0,600.0,22.937384210526314
58.0,300.0,8.024705263157895
58.0,400.0,3.951817857142857
58.0,500.0,7.987952830188679
59.0,0.0,36.5789
59.0,200.0,24.1446
59.0,400.0,28.145033333333334
59.0,500.0,25.7441
59.0,600.0,26.635366666666666
60.0,0.0,2.191930588235294
61.0,0.0,27.38439375
61.0,100.0,13.0944
61.0,200.0,7.4926670329670335
61.0,300.0,4.679285714285714
61.0,400.0,5.572191851851852
61.0,500.0,11.195963414634146
61.0,600.0,31.583909090909092
62.0,300.0,17.37786923076923
62.0,600.0,22.947222222222223
63.0,0.0,27.352912500000002
63.0,100.0,22.066826470588236
63.0,200.0,14.508600000000001
63.0,300.0,13.570321875
63.0,400.0,25.5636
63.0,500.0,22.207960714285715
63.0,600.0,34.2942625
64.0,0.0,7.035437254901961
64.0,100.0,14.495193333333333
64.0,200.0,6.462137662337662
64.0,300.0,6.27653355704698
64.0,400.0,7.2392620879120875
64.0,500.0,8.738708653846153
64.0,600.0,13.142078
65.0,100.0,6.216114285714285
65.0,200.0,5.084866666666667
65.0,300.0,5.7125892857142855
65.0,400.0,2.1338749999999997
65.0,500.0,7.39514255319149
66.0,0.0,19.813899999999997
66.0,300.0,34.6592
66.0,400.0,9.68035
66.0,500.0,2.9416898305084747
66.0,600.0,4.963378260869566
67.0,0.0,22.3257375
67.0,100.0,19.89398
67.0,200.0,20.492166666666666
67.0,300.0,21.16864
67.0,400.0,16.79168
67.0,500.0,20.553485714285717
67.0,600.0,22.577571428571428
68.0,0.0,12.8123375
68.0,100.0,15.722329411764706
68.0,200.0,12.8293
68.0,300.0,21.056449999999998
68.0,400.0,20.281214285714288
68.0,500.0,18.417488888888887
68.0,600.0,30.4265
69.0,0.0,4.340440740740741
69.0,100.0,0.6038746268656716
69.0,200.0,2.185036842105263
69.0,300.0,2.160284375
69.0,400.0,3.371418918918919
69.0,500.0,0.0
69.0,600.0,0.3382098591549296
70.0,0.0,15.6691
70.0,100.0,7.182921621621622
70.0,200.0,3.534936842105263
70.0,300.0,10.222815384615386
70.0,400.0,7.602954901960784
70.0,500.0,0.28893548387096774
70.0,600.0,8.233453571428571
71.0,0.0,32.36141391304348
71.0,100.0,39.75262040816327
71.0,200.0,25.51619152542373
71.0,300.0,32.21102469135802
71.0,400.0,24.569987919463085
71.0,500.0,33.14348571428571
71.0,600.0,37.468548
72.0,0.0,14.091503738317757
72.0,100.0,4.253506989247311
72.0,200.0,5.16727873210634
72.0,300.0,8.962119805194805
72.0,400.0,6.049937672583827
72.0,500.0,5.220384944237918
72.0,600.0,5.003589243027889
73.0,0.0,38.1587515625
73.0,100.0,29.5636013986014
73.0,200.0,20.38889498327759
73.0,300.0,32.416252173913044
73.0,400.0,25.166486243386245
73.0,500.0,32.76090714285714
73.0,600.0,27.883871287128716
73.0,700.0,6.131905454545454
74.0,0.0,18.980896923076923
74.0,100.0,21.071299358974358
74.0,200.0,9.964692660550458
74.0,300.0,9.936996629213484
74.0,400.0,10.295512173913043
74.0,500.0,4.626211538461539
74.0,600.0,9.107649842271293
74.0,700.0,0.0
75.0,0.0,27.49049366197183
75.0,100.0,14.620383183856502
75.0,200.0,17.46143092105263
75.0,300.0,16.644284390243904
75.0,400.0,27.82721881533101
75.0,500.0,13.821725064599484
75.0,600.0,14.893138316582913
75.0,700.0,17.410680365296802
76.0,0.0,20.213825
76.0,100.0,20.25485056497175
76.0,200.0,27.04441686746988
76.0,300.0,24.597574146341465
76.0,400.0,21.640571014492753
76.0,500.0,12.925068493150684
76.0,600.0,9.031901265822784
76.0,700.0,4.199082954545454
77.0,0.0,25.11169249146758
77.0,100.0,30.173265482233504
77.0,200.0,26.75801474358974
77.0,300.0,22.405157894736842
77.0,400.0,27.106242356687897
77.0,500.0,27.04652806122449
77.0,600.0,23.998871698113206
77.0,700.0,21.96648608695652
78.0,0.0,11.299241764705883
78.0,100.0,8.295077900552487
78.0,200.0,6.9388425816023735
78.0,300.0,5.690209807355517
78.0,400.0,9.231597740112994
78.0,500.0,9.665200369685769
78.0,600.0,6.660374821428571
78.0,700.0,0.3235176470588236
79.0,0.0,24.730589682539684
79.0,100.0,25.004079617834396
79.0,200.0,22.429774468085107
79.0,300.0,19.639157870370372
79.0,400.0,18.65503918918919
79.0,500.0,29.294081707317073
79.0,600.0,22.372869060773482
79.0,700.0,19.416905263157894
80.0,0.0,25.55882
80.0,100.0,22.856772955974844
80.0,200.0,18.170496326530614
80.0,300.0,16.37425985915493
80.0,400.0,15.03503
80.0,500.0,10.283326347305389
80.0,600.0,14.304807082152973
80.0,700.0,9.336420967741937
81.0,0.0,27.855245973154364
81.0,100.0,16.323392238267147
81.0,200.0,19.987644847328244
81.0,300.0,14.666546013289038
81.0,400.0,13.290399096774195
81.0,500.0,12.988857195571956
81.0,600.0,14.174562898089173
81.0,700.0,14.408132608695652
82.0,0.0,2.3840692307692306
82.0,200.0,7.425125882352941
82.0,300.0,2.698715384615385
82.0,400.0,5.493716666666667
82.0,500.0,3.178944680851064
82.0,700.0,12.185679069767442
83.0,0.0,38.13272663316583
83.0,100.0,33.07958100436681
83.0,200.0,30.794031544715445
83.0,300.0,34.87174615384615
83.0,400.0,26.621326187717266
83.0,500.0,30.366988796185936
83.0,600.0,32.2891728923476
83.0,700.0,24.302767741935483
84.0,0.0,21.710392307692306
84.0,100.0,21.840215789473685
84.0,200.0,24.932525
84.0,300.0,19.903333333333332
84.0,400.0,26.815654545454546
84.0,500.0,22.9647125
84.0,600.0,21.776952631578947
84.0,700.0,23.1919
85.0,0.0,18.262363235294117
85.0,100.0,28.93980892857143
85.0,200.0,22.590060227272726
85.0,300.0,28.688903448275862
85.0,400.0,19.5591394106814
85.0,500.0,22.13793263157895
85.0,600.0,29.554382372881353
85.0,700.0,6.953596153846154
87.0,0.0,14.380027642276424
87.0,100.0,9.593482857142858
87.0,200.0,9.761037499999999
87.0,300.0,16.758085714285716
87.0,400.0,12.902898717948718
87.0,500.0,14.34871393442623
87.0,600.0,8.670493895348837
87.0,700.0,2.9214261261261263
88.0,0.0,29.646925
88.0,100.0,25.62170963855422
88.0,200.0,27.14834968553459
88.0,300.0,25.850772764227642
88.0,400.0,25.341962445414847
88.0,500.0,22.89141586715867
88.0,600.0,24.23550687830688
88.0,700.0,23.092655172413792
89.0,0.0,9.75735900178253
89.0,100.0,11.358818443804035
89.0,200.0,14.923238856015779
89.0,300.0,21.442886363636365
89.0,400.0,21.51573546511628
89.0,500.0,17.971755281690143
89.0,600.0,21.847100366300364
89.0,700.0,7.358959574468085
90.0,0.0,19.183856652360515
90.0,100.0,11.985225284090909
90.0,200.0,11.758040338164252
90.0,300.0,11.927504347826087
90.0,400.0,9.28051950844854
90.0,500.0,8.251185691946834
90.0,600.0,11.660552261904762
90.0,700.0,16.238980408163265
91.0,0.0,19.545503592814374
91.0,100.0,23.115573469387755
91.0,200.0,26.954755049944506
91.0,300.0,24.101701536885244
91.0,400.0,23.349300759013282
91.0,500.0,23.71224800380228
91.0,600.0,23.54377435897436
91.0,700.0,7.114437908496732
93.0,0.0,3.8229610000000003
93.0,100.0,7.788958447488584
93.0,200.0,6.3782201298701295
93.0,300.0,16.82434117647059
93.0,400.0,5.596412987012987
93.0,500.0,11.379863888888888
93.0,600.0,5.269004255319149
93.0,700.0,0.6566681818181818
94.0,0.0,26.898
94.0,100.0,16.067346153846152
94.0,200.0,7.094118541033435
94.0,300.0,4.843123140495869
94.0,400.0,6.224059239130435
94.0,500.0,2.928527113702624
94.0,600.0,3.0317256972111557
94.0,700.0,0.00039777777777777777
95.0,0.0,18.532
95.0,100.0,8.089048672566372
95.0,200.0,2.049816326530612
95.0,300.0,4.2729040000000005
95.0,600.0,1.7519561403508772
95.0,700.0,13.079552777777778
96.0,0.0,16.572225
96.0,300.0,15.689583333333333
96.0,400.0,13.71596
96.0,500.0,18.131500000000003
97.0,100.0,28.2432
97.0,200.0,18.852228571428572
97.0,300.0,20.3444
105.0,0.0,2.4573072
105.0,100.0,2.990297701149425
105.0,200.0,8.839867532467533
105.0,300.0,2.3250744791666667
105.0,400.0,2.960065800865801
105.0,500.0,0.7973473429951692
105.0,600.0,0.8819502040816326
105.0,700.0,0.0
106.0,0.0,7.227993079584775
106.0,100.0,6.219146258503402
106.0,200.0,5.051735344827586
106.0,300.0,22.908044897959186
106.0,400.0,20.91177590361446
106.0,500.0,20.823632352941175
106.0,600.0,8.044127142857143
106.0,700.0,14.07518
107.0,0.0,7.655477777777779
107.0,100.0,17.66603333333333
107.0,200.0,1.3624916666666669
107.0,300.0,18.53255625
107.0,500.0,23.679461538461535
107.0,600.0,15.591000000000001
108.0,0.0,4.1825575
108.0,100.0,16.10602
108.0,200.0,10.151931343283582
108.0,300.0,9.394338562091503
108.0,400.0,2.742127966101695
108.0,500.0,4.966086713286713
108.0,600.0,2.854485810810811
108.0,700.0,0.0
109.0,0.0,21.77834
109.0,100.0,11.170506666666666
109.0,200.0,18.47103636363636
109.0,300.0,12.158233333333333
109.0,500.0,14.8061
109.0,600.0,16.3643
110.0,0.0,5.348800000000001
110.0,100.0,9.74264
110.0,300.0,1.4730466666666666
110.0,400.0,4.135513114754098
110.0,600.0,7.593911111111112
111.0,0.0,1.538539880952381
111.0,100.0,0.8037708860759494
111.0,200.0,0.0
111.0,300.0,0.0
111.0,400.0,0.0
111.0,500.0,0.0
111.0,600.0,0.0952650406504065
111.0,700.0,0.0
112.0,0.0,15.778283333333333
112.0,100.0,10.238611904761905
112.0,200.0,10.127059615384614
112.0,300.0,6.110065625
112.0,400.0,15.321498148148148
112.0,500.0,11.257326315789474
112.0,600.0,1.2338
112.0,700.0,10.659809523809523
113.0,0.0,7.8040953125
113.0,100.0,21.290824999999998
113.0,200.0,19.89451111111111
113.0,400.0,16.18028125
113.0,500.0,32.1847
113.0,700.0,24.47052857142857
114.0,100.0,17.48426896551724
114.0,200.0,13.46435487804878
114.0,300.0,0.9946416666666668
114.0,400.0,5.205805652173913
114.0,500.0,2.392676530612245
114.0,600.0,0.998716355140187
114.0,700.0,0.15617021276595744
115.0,200.0,9.366312765957447
115.0,300.0,8.961355
115.0,400.0,18.9312
116.0,0.0,9.834488524590165
116.0,100.0,12.536687209302325
116.0,200.0,8.94247345971564
116.0,300.0,12.651624761904761
116.0,400.0,14.560288481675393
116.0,500.0,18.413839361702127
116.0,600.0,19.538890476190478
117.0,0.0,7.556917226890756
117.0,100.0,8.70998973305955
117.0,200.0,8.13410731261426
117.0,300.0,8.08284710982659
117.0,400.0,11.668123238095237
117.0,500.0,12.330203144654089
117.0,600.0,10.525006237006238
117.0,700.0,11.978864705882353
118.0,0.0,26.15216
118.0,100.0,8.275486324786325
118.0,200.0,11.140110227272727
118.0,300.0,10.788313017751479
118.0,400.0,9.175454838709678
118.0,500.0,3.8503999999999996
118.0,600.0,8.327608904109589
118.0,700.0,5.759037931034483
121.0,0.0,2.5193237288135593
121.0,100.0,6.889967647058824
121.0,200.0,16.132444444444445
121.0,400.0,9.349556250000001
121.0,500.0,22.14585
121.0,700.0,20.44652857142857
123.0,0.0,0.0
123.0,100.0,0.0
123.0,200.0,0.0
123.0,300.0,0.0
123.0,400.0,0.30067750000000004
124.0,0.0,8.42049465648855
124.0,100.0,8.082321917808219
124.0,200.0,7.400605957446809
124.0,300.0,8.671224054982817
124.0,400.0,6.762175720164609
124.0,500.0,15.011594117647059
124.0,600.0,10.045326751592356
124.0,700.0,1.6293521739130437
127.0,0.0,33.72524074074074
127.0,100.0,33.64174444444445
127.0,200.0,34.05800869565218
127.0,300.0,33.786164285714285
127.0,400.0,25.778121739130434
127.0,500.0,36.275864285714285
127.0,600.0,34.10588461538462
128.0,0.0,14.375802857142856
128.0,100.0,10.836125000000001
128.0,200.0,13.521295833333333
128.0,300.0,13.533541666666666
128.0,400.0,18.923466666666666
128.0,500.0,13.116542307692308
128.0,600.0,11.135133333333334
130.0,0.0,14.592116666666668
130.0,100.0,18.66298148148148
130.0,200.0,13.680669696969698
130.0,300.0,12.94871851851852
130.0,400.0,17.73504827586207
130.0,500.0,14.285725714285714
130.0,600.0,7.170021428571428
131.0,0.0,26.8769125
131.0,100.0,23.45377142857143
131.0,200.0,8.43568487394958
131.0,300.0,10.815997183098592
131.0,400.0,33.32425
131.0,500.0,12.674646551724138
131.0,600.0,3.22696
132.0,0.0,17.62308412698413
132.0,100.0,7.856822897196262
132.0,200.0,14.360401953818828
132.0,300.0,17.768315584415582
132.0,400.0,15.76081
132.0,500.0,6.17402947368421
132.0,600.0,13.147228571428572
133.0,0.0,14.3213875
133.0,100.0,11.573993478260869
133.0,200.0,15.834165384615385
133.0,300.0,3.5490166666666667
133.0,400.0,3.408078358208955
133.0,500.0,1.893778813559322
133.0,600.0,4.300267619047619
134.0,0.0,23.53955641025641
134.0,100.0,2.567445081967213
134.0,200.0,6.196691978609626
134.0,300.0,4.387164887640449
134.0,400.0,3.1242334745762714
134.0,500.0,1.7145830687830688
134.0,600.0,9.047978195488723
135.0,0.0,19.599439999999998
135.0,100.0,19.522458823529412
135.0,200.0,15.670115384615384
135.0,300.0,17.82359230769231
135.0,400.0,24.627266666666667
135.0,500.0,18.50502424242424
137.0,100.0,10.7213
137.0,200.0,21.987444444444446
137.0,300.0,9.16975
137.0,500.0,13.91488
137.0,600.0,7.147600000000001
143.0,0.0,16.549341176470588
143.0,100.0,19.018466666666665
143.0,200.0,18.49606
143.0,300.0,13.48552
143.0,400.0,9.963663157894736
143.0,500.0,11.143553846153846
143.0,600.0,4.900124074074074
144.0,0.0,17.47502162162162
144.0,100.0,15.993358490566038
144.0,200.0,16.21992
144.0,300.0,15.52086
144.0,400.0,13.644485714285715
144.0,500.0,13.230188095238097
144.0,600.0,8.01443870967742
144.0,700.0,19.680945454545455
145.0,0.0,29.19973160714286
145.0,100.0,31.250321126760564
145.0,200.0,27.81063557168784
145.0,300.0,28.15731310043668
145.0,400.0,32.7940031152648
145.0,500.0,30.577377263157892
145.0,600.0,26.377563085399448
145.0,700.0,16.552643223443226
146.0,0.0,30.063619630872484
146.0,100.0,17.725741616161613
146.0,200.0,20.344909638554217
146.0,300.0,20.299893194925026
146.0,400.0,29.268342291666666
146.0,500.0,31.696317383820997
146.0,600.0,23.83032566735113
146.0,700.0,18.89815912698413
147.0,0.0,14.98472181818182
147.0,100.0,12.744952095808385
147.0,200.0,21.62858208955224
147.0,300.0,19.498566666666665
147.0,400.0,22.1548546875
147.0,500.0,18.917552258064518
147.0,600.0,21.761267346938777
147.0,700.0,24.569094594594596
148.0,0.0,26.63475466034755
148.0,100.0,16.56444995224451
148.0,200.0,12.926255862977603
148.0,300.0,17.032300993676603
148.0,400.0,22.8409131147541
148.0,500.0,25.860259740259743
148.0,600.0,19.15890919395466
148.0,700.0,17.15810165289256
149.0,0.0,21.121572727272728
149.0,100.0,16.950533333333336
149.0,200.0,19.9192625
149.0,300.0,17.565620000000003
149.0,400.0,16.11935
149.0,500.0,15.753749999999998
149.0,600.0,18.208466666666666
149.0,700.0,10.75508
150.0,200.0,12.11225
150.0,300.0,11.7042
150.0,400.0,11.415575
150.0,500.0,15.520966666666666
150.0,600.0,12.218508333333332
151.0,0.0,37.10082626865672
151.0,100.0,28.085179797979798
151.0,200.0,39.022427300613494
151.0,300.0,32.91377476038339
151.0,400.0,26.981831492842534
151.0,500.0,40.832634732824424
151.0,600.0,39.53635829787234
151.0,700.0,52.26828181818182
152.0,0.0,32.69798133333333
152.0,100.0,29.19875207373272
152.0,200.0,26.956374468085105
152.0,300.0,22.906667451820127
152.0,400.0,24.500603852327448
152.0,500.0,34.49864433333334
152.0,600.0,27.808466666666668
152.0,700.0,49.934389473684206
153.0,0.0,8.264017448680352
153.0,100.0,5.425326344086021
153.0,200.0,7.1906727777777775
153.0,300.0,7.89973773006135
153.0,400.0,9.651494298921419
153.0,500.0,7.688920233918128
153.0,600.0,7.717615494978479
153.0,700.0,2.2346592233009708
154.0,0.0,24.99915633484163
154.0,100.0,18.561775415573052
154.0,200.0,21.038032518796992
154.0,300.0,18.09629175257732
154.0,400.0,14.852009751037343
154.0,500.0,16.515853886010362
154.0,600.0,19.34894888293119
154.0,700.0,22.591826262626263
155.0,0.0,11.822211533586819
155.0,100.0,15.816915480427046
155.0,200.0,11.815545667686035
155.0,300.0,11.146171126760562
155.0,400.0,11.638064292408622
155.0,500.0,9.308031625441696
155.0,600.0,9.317635020242914
155.0,700.0,12.614381081081081
156.0,0.0,27.664896952380953
156.0,100.0,33.639133818770226
156.0,200.0,32.61804111111111
156.0,300.0,36.64403817863398
156.0,400.0,38.33613020594966
156.0,500.0,36.212055980861244
156.0,600.0,39.88896968085106
156.0,700.0,35.85532876106195
157.0,0.0,37.48805650118203
157.0,100.0,40.48373727272727
157.0,200.0,37.931947078464106
157.0,300.0,38.88110469255663
157.0,400.0,46.24672374670185
157.0,500.0,41.67710207792208
157.0,600.0,41.195945486111114
157.0,700.0,40.341565760869564
158.0,0.0,21.115800000000004
158.0,100.0,16.055571428571426
158.0,200.0,21.227235
158.0,300.0,13.69292857142857
158.0,400.0,15.262871428571428
158.0,500.0,21.282473684210526
158.0,600.0,20.421240625
158.0,700.0,19.191666666666666
159.0,0.0,25.989218784530387
159.0,100.0,32.09365822222222
159.0,200.0,33.678773711340206
159.0,300.0,25.334756776556777
159.0,400.0,19.883792446043167
159.0,500.0,15.787324781341109
159.0,600.0,19.06286181818182
159.0,700.0,22.082436363636365
161.0,100.0,6.250533333333333
161.0,200.0,21.4634
161.0,300.0,15.077607142857143
161.0,400.0,13.66617142857143
161.0,500.0,10.48285
161.0,600.0,18.3179
162.0,0.0,18.4873
162.0,100.0,16.64945
162.0,200.0,9.43812142857143
162.0,300.0,17.169313265306123
162.0,400.0,12.972771428571429
162.0,500.0,9.192717094017095
162.0,600.0,20.78932857142857
163.0,0.0,20.78989081632653
163.0,100.0,22.385343076923075
163.0,200.0,21.0614
163.0,300.0,23.213717829457362
163.0,400.0,19.076862820512822
163.0,500.0,26.037976623376622
163.0,600.0,19.144817475728154
163.0,700.0,27.30684210526316
164.0,0.0,21.19524908536585
164.0,100.0,24.561473191489362
164.0,200.0,21.24778450704225
164.0,300.0,18.55098596112311
164.0,400.0,21.90219172413793
164.0,500.0,28.562171228070174
164.0,600.0,34.020091489361704
164.0,700.0,28.006420000000002
166.0,0.0,10.30351965317919
166.0,100.0,12.399367346938776
166.0,200.0,28.967484827586205
166.0,300.0,18.32833854961832
166.0,400.0,23.726156488549616
166.0,500.0,20.723025925925928
166.0,600.0,22.797503626943005
166.0,700.0,28.021116666666668
167.0,0.0,13.946978048780489
167.0,100.0,28.8278610619469
167.0,200.0,27.32821327433628
167.0,300.0,21.3320582278481
167.0,400.0,23.395690476190477
167.0,500.0,25.231579591836738
167.0,600.0,31.40471730769231
167.0,700.0,21.5788875
168.0,0.0,25.857701246882794
168.0,100.0,19.616922147651007
168.0,200.0,26.503122453703707
168.0,300.0,20.740167286245352
168.0,400.0,30.44062280701754
168.0,500.0,25.88701220095694
168.0,600.0,18.353751462765956
168.0,700.0,15.762092727272726
169.0,0.0,16.114670443349755
169.0,100.0,20.176253846153845
169.0,200.0,16.631575757575757
169.0,300.0,17.685129687499998
169.0,400.0,17.65439465648855
169.0,500.0,29.902907920792078
169.0,600.0,17.187336097560976
170.0,0.0,3.6687466302367944
170.0,100.0,5.5070199551569505
170.0,200.0,5.854582876712328
170.0,300.0,5.502363131313132
170.0,400.0,5.774552419354839
170.0,500.0,6.64984596491228
170.0,600.0,11.914643269230769
173.0,0.0,18.99401818181818
173.0,100.0,8.553159130434782
173.0,200.0,17.107454545454544
173.0,300.0,15.83410909090909
173.0,400.0,22.871975
173.0,600.0,2.9336506849315067
173.0,700.0,0.0
174.0,0.0,13.860140317460317
174.0,100.0,15.502416114790288
174.0,200.0,16.06943324250681
174.0,300.0,14.304231299734749
174.0,400.0,16.43451133603239
174.0,500.0,16.158202424242425
174.0,600.0,18.295471061093245
174.0,700.0,12.385480487804879
176.0,0.0,30.534808953669966
176.0,100.0,31.41103882037533
176.0,200.0,26.284065737344097
176.0,300.0,28.3812232016632
176.0,400.0,27.074004600938967
176.0,500.0,24.708942596348884
176.0,600.0,25.61998768292683
176.0,700.0,22.06424881118881
177.0,0.0,32.610113947368426
177.0,100.0,26.627633186813185
177.0,200.0,21.229194444444442
177.0,300.0,25.83071286231884
177.0,400.0,24.322578018018017
177.0,500.0,24.16168209302326
177.0,600.0,26.286761358313814
177.0,700.0,32.5137320754717
178.0,0.0,17.04515
178.0,100.0,19.906233333333333
178.0,200.0,21.730943478260873
178.0,300.0,21.62336956521739
178.0,400.0,17.259439999999998
178.0,500.0,23.160969230769233
178.0,600.0,21.583814285714286
179.0,0.0,19.167677551020407
179.0,100.0,24.62536279069767
179.0,200.0,28.014612606232294
179.0,300.0,32.0725912332838
179.0,400.0,28.22893619344774
179.0,500.0,23.690424646983313
179.0,600.0,20.87636235897436
179.0,700.0,27.1524101369863
180.0,0.0,33.4514164021164
180.0,100.0,27.523034797297296
180.0,200.0,31.701177916666666
180.0,300.0,28.401296045197743
180.0,400.0,35.22464712041885
180.0,500.0,22.642328076923075
180.0,600.0,30.041877936962752
180.0,700.0,27.371935999999998
181.0,0.0,16.684336263736263
181.0,100.0,13.687023411371237
181.0,200.0,12.747547337278107
181.0,300.0,8.904070261437909
181.0,400.0,11.116162382075471
181.0,500.0,8.142169739478957
181.0,600.0,7.115062607626077
181.0,700.0,3.4499697368421054
182.0,0.0,5.068421122112212
182.0,100.0,4.662468428781204
182.0,200.0,3.4733597222222223
182.0,300.0,3.5813255813953493
182.0,400.0,3.2167921730175077
182.0,500.0,3.919370322580645
182.0,600.0,4.32962859922179
182.0,700.0,0.0
183.0,0.0,9.876517359413203
183.0,100.0,14.673602671755726
183.0,200.0,8.038075888324874
183.0,300.0,16.567490983606557
183.0,400.0,11.262343801652891
183.0,500.0,22.291911965811966
183.0,600.0,16.71729842519685
183.0,700.0,25.935144444444447
184.0,0.0,9.788383908045976
184.0,100.0,23.748718181818184
184.0,200.0,23.864591666666666
184.0,300.0,24.311480000000003
184.0,400.0,17.281821052631578
184.0,500.0,21.854751724137934
184.0,600.0,26.52355
184.0,700.0,14.067233333333334
185.0,0.0,20.680602597402597
185.0,100.0,24.317104452054796
185.0,200.0,30.979399591836735
185.0,300.0,24.982047478991596
185.0,400.0,24.438771721311475
185.0,500.0,18.681295906432748
185.0,600.0,23.40960603448276
185.0,700.0,31.30387741935484
186.0,0.0,13.65696301369863
186.0,100.0,16.78656099585062
186.0,200.0,22.905581553398058
186.0,300.0,20.00219043062201
186.0,400.0,14.603767391304348
186.0,500.0,9.18946645768025
186.0,600.0,8.566290928270043
186.0,700.0,15.705830666666667
187.0,0.0,24.101016666666666
187.0,100.0,20.880865625
187.0,200.0,19.767443243243243
187.0,300.0,14.352500000000001
187.0,400.0,16.601383720930233
187.0,500.0,20.803770588235295
187.0,600.0,19.470151282051283
187.0,700.0,13.7355
188.0,0.0,8.963080584551149
188.0,100.0,8.212109725158562
188.0,200.0,12.143877358490565
188.0,300.0,11.445756435643565
188.0,400.0,8.52200724137931
188.0,500.0,8.718240130151843
188.0,600.0,10.008551535836178
188.0,700.0,17.181094382022472
189.0,0.0,29.74115412474849
189.0,100.0,23.832227467105263
189.0,200.0,26.592501158301157
189.0,300.0,16.199320325982743
189.0,400.0,17.722008608490565
189.0,500.0,17.823240595611285
189.0,600.0,15.708657331863286
189.0,700.0,26.233232547169813
190.0,0.0,46.507973584905656
190.0,100.0,46.41774574468085
190.0,200.0,45.55231119402985
190.0,300.0,41.444419230769235
190.0,400.0,40.46594732142857
190.0,500.0,33.46864742268041
190.0,600.0,44.93629326923077
190.0,700.0,49.41176216216216
191.0,0.0,24.725504494382022
191.0,100.0,18.07266553846154
191.0,200.0,21.189209375
191.0,300.0,23.8355904
191.0,400.0,22.048862379421223
191.0,500.0,24.304307303370784
191.0,600.0,9.567816141732283
191.0,700.0,9.757605072463768
192.0,400.0,15.53733888888889
192.0,500.0,17.291735294117647
193.0,0.0,10.786304460966543
193.0,100.0,12.706559329140461
193.0,200.0,8.787476994434137
193.0,300.0,15.944222754491017
193.0,400.0,11.086650969529085
193.0,500.0,8.688313732394366
193.0,600.0,9.202638211382114
193.0,700.0,5.22293381294964
194.0,300.0,4.8484
194.0,500.0,7.329255555555556
195.0,0.0,22.661317857142855
195.0,100.0,16.99487014084507
195.0,200.0,16.949865263157893
195.0,300.0,13.996493000000001
195.0,400.0,21.662389323843417
195.0,500.0,14.786075384615385
195.0,600.0,17.337995761078997
195.0,700.0,8.57772857142857
196.0,0.0,29.57674988009592
196.0,100.0,24.07140828402367
196.0,200.0,26.937309971509972
196.0,300.0,28.15262202797203
196.0,400.0,24.05964963768116
196.0,500.0,22.910191832669323
196.0,600.0,14.773487366003064
196.0,700.0,7.38479870967742
197.0,0.0,15.194460000000001
197.0,100.0,13.180773333333333
197.0,300.0,19.660611111111113
197.0,400.0,10.204825
197.0,500.0,14.467
197.0,600.0,1.6640000000000001
197.0,700.0,16.20372631578947
198.0,0.0,32.2301598173516
198.0,100.0,32.1573
198.0,200.0,32.38817414965986
198.0,300.0,20.243270034843206
198.0,400.0,18.664240979955455
198.0,500.0,17.449647557840617
198.0,600.0,16.763362276422765
198.0,700.0,19.297156470588234
199.0,0.0,13.74767391304348
199.0,200.0,10.53670655737705
199.0,600.0,14.099804347826087
199.0,700.0,7.796318918918919
200.0,0.0,31.89568282442748
200.0,100.0,26.7515507751938
200.0,200.0,32.24297142857143
200.0,300.0,25.104569526627216
200.0,400.0,25.521402834008097
200.0,500.0,24.039698127340824
200.0,600.0,24.616734873949582
200.0,700.0,32.97200340909091
201.0,0.0,13.87125
201.0,100.0,17.431854545454545
201.0,200.0,14.095088888888888
201.0,300.0,16.0472
201.0,400.0,14.971375
201.0,500.0,16.74829
201.0,600.0,14.082542857142856
201.0,700.0,16.516199999999998
202.0,0.0,14.069156091030791
202.0,100.0,22.006892708333336
202.0,200.0,21.188726911907068
202.0,300.0,25.13825311850312
202.0,400.0,20.001767570754716
202.0,500.0,12.202858823529413
202.0,600.0,17.27516021314387
202.0,700.0,11.484137564766838
202.0,800.0,3.71597610619469
203.0,0.0,29.298915254237286
203.0,100.0,26.30745131578947
203.0,200.0,36.144386363636364
203.0,300.0,29.12708125
203.0,400.0,30.826949253731343
203.0,500.0,32.00994358974359
203.0,600.0,17.679513513513513
203.0,700.0,14.55965882352941
204.0,0.0,16.832271428571428
204.0,200.0,21.250955555555556
204.0,300.0,9.704640816326531
204.0,400.0,7.672161313868613
204.0,500.0,22.34993
204.0,600.0,10.964366666666667
205.0,0.0,2.422352631578947
205.0,100.0,6.304438095238096
205.0,600.0,11.604770588235295
205.0,700.0,7.3795
206.0,0.0,15.470422222222222
206.0,100.0,13.478075
206.0,200.0,6.119816279069767
206.0,300.0,17.672015384615385
206.0,400.0,14.31864375
206.0,500.0,12.504223076923077
206.0,600.0,17.557433333333332
207.0,100.0,3.71428
207.0,200.0,2.728066666666667
207.0,300.0,7.1188
207.0,600.0,3.1079666666666665
208.0,0.0,34.98789456953642
208.0,100.0,31.84489623233909
208.0,200.0,31.09844142857143
208.0,300.0,21.916673190348526
208.0,400.0,24.339980988023953
208.0,500.0,36.982505555555555
208.0,600.0,26.57612964169381
208.0,700.0,13.124760606060606
209.0,0.0,16.0698
209.0,500.0,14.213366666666667
210.0,0.0,15.013627586206896
210.0,100.0,19.21750833333333
210.0,400.0,19.429810714285715
210.0,500.0,18.59738148148148
210.0,600.0,14.917888888888887
210.0,700.0,17.566553846153845
211.0,0.0,29.29002339930151
211.0,100.0,23.697322541966425
211.0,200.0,27.32401886597938
211.0,300.0,24.16899814643188
211.0,400.0,22.748283754116354
211.0,500.0,17.358979329102446
211.0,600.0,26.383809747706422
211.0,700.0,23.215472189349114
212.0,0.0,3.5899811320754718
212.0,100.0,3.0177672153635116
212.0,200.0,3.4724034440344402
212.0,300.0,2.8109048192771082
212.0,400.0,3.464589655172414
212.0,500.0,5.516544696969697
212.0,600.0,4.032702594339622
212.0,700.0,0.0
213.0,0.0,22.007704166666667
213.0,100.0,23.94284516129032
213.0,200.0,21.166594444444442
213.0,300.0,21.93933103448276
213.0,400.0,22.16598275862069
213.0,500.0,23.79779166666667
213.0,600.0,19.352554237288135
213.0,700.0,11.599577777777776
214.0,0.0,29.67498265306122
214.0,100.0,32.24954785714286
214.0,200.0,36.030578846153844
214.0,300.0,30.632723140495866
214.0,400.0,27.48233795180723
214.0,500.0,15.68366376146789
214.0,600.0,12.403422309197651
214.0,700.0,13.412527142857142
216.0,0.0,4.911010869565217
216.0,100.0,10.212360273972603
216.0,200.0,10.167703846153845
216.0,300.0,6.4567
216.0,500.0,0.0020800000000000003
216.0,600.0,6.026269014084507
216.0,700.0,10.690003703703702
218.0,400.0,17.341533333333334
218.0,500.0,20.56054
219.0,400.0,27.4876
219.0,500.0,24.100325
219.0,600.0,26.48465
222.0,0.0,20.97736554054054
222.0,100.0,18.321216742081447
222.0,200.0,17.278781395348837
222.0,300.0,20.917813913043478
222.0,400.0,21.10431103448276
222.0,500.0,18.404368877551022
222.0,600.0,9.587593220338983
222.0,700.0,16.644015909090907
223.0,0.0,23.85514594594595
223.0,100.0,27.582820588235297
223.0,200.0,19.966307692307694
223.0,300.0,26.67431590909091
223.0,400.0,19.982277862595417
223.0,500.0,15.755842465753425
223.0,600.0,11.693960677966102
223.0,700.0,24.238855
224.0,0.0,20.682097297297297
224.0,100.0,12.159045038167939
224.0,200.0,10.75646806722689
224.0,300.0,17.83711884057971
224.0,400.0,13.910937815126049
224.0,500.0,13.296990566037735
224.0,600.0,9.494370921985816
225.0,300.0,4.687185714285714
226.0,0.0,1.7183073913043476
226.0,100.0,1.6609230529595016
226.0,200.0,3.486696153846154
226.0,300.0,4.412144696969697
226.0,400.0,1.2889302180685358
226.0,500.0,1.6494997023809523
226.0,600.0,1.094621917808219
226.0,700.0,0.25606666666666666
227.0,0.0,24.377391853035146
227.0,100.0,28.34073400900901
227.0,200.0,33.613991053677935
227.0,300.0,28.003211890838205
227.0,400.0,30.579969625246548
227.0,500.0,41.47679144736842
227.0,600.0,29.982366585956417
227.0,700.0,19.27453789473684
229.0,200.0,8.756608333333334
231.0,0.0,14.658168827160493
231.0,100.0,21.027577037037037
231.0,200.0,26.304247887323942
231.0,300.0,23.877360365853658
231.0,400.0,15.34307818627451
231.0,500.0,11.675462700228833
231.0,600.0,12.077628927203065
231.0,700.0,8.304593076923076
232.0,0.0,4.715916279069767
232.0,100.0,17.6273375
232.0,200.0,9.280018613138687
232.0,300.0,7.80751447368421
232.0,400.0,7.510737313432836
232.0,500.0,14.2474
232.0,600.0,18.57374857142857
232.0,700.0,9.937137735849058
233.0,0.0,13.971600754716981
233.0,100.0,13.138703225806452
233.0,200.0,9.629764510779436
233.0,300.0,14.471052108433735
233.0,400.0,10.391145586808923
233.0,500.0,14.31188630278064
233.0,600.0,12.415754247954688
233.0,700.0,15.713594332493702
233.0,800.0,27.61492857142857
234.0,0.0,19.924368974358973
234.0,100.0,19.35491382352941
234.0,200.0,18.918777402597403
234.0,300.0,25.867357342657343
234.0,400.0,19.473443373493975
234.0,500.0,30.84646556776557
234.0,600.0,15.070726535626536
234.0,700.0,28.846045040214477
234.0,800.0,18.975476
235.0,0.0,10.38997470530452
235.0,100.0,11.384255738993712
235.0,200.0,12.534241154855643
235.0,300.0,12.551881729428173
235.0,400.0,10.26136837156826
235.0,500.0,9.150732821428571
235.0,600.0,10.542551292618958
235.0,700.0,12.412031567973312
235.0,800.0,12.10567238658777
236.0,0.0,15.65341990521327
236.0,100.0,22.207797883597884
236.0,200.0,23.14875222222222
236.0,300.0,16.328081481481483
236.0,400.0,17.352504285714286
236.0,500.0,12.43409710806697
236.0,600.0,18.829178654292345
236.0,700.0,11.799273170731707
237.0,0.0,30.331575829383883
237.0,100.0,18.95317142857143
237.0,200.0,21.90232288557214
237.0,300.0,24.45472427983539
237.0,400.0,20.735162753036438
237.0,500.0,13.936590807174888
237.0,600.0,22.10135427251732
237.0,700.0,28.6504
238.0,0.0,10.8097
238.0,100.0,16.86633139013453
238.0,200.0,12.273150490196077
238.0,300.0,26.269071212121215
238.0,400.0,12.188015693430657
238.0,500.0,17.954179347826088
238.0,600.0,17.682601612903227
238.0,700.0,11.08474979253112
238.0,800.0,9.981735897435899
239.0,0.0,17.26340894941634
239.0,100.0,18.61697607758621
239.0,200.0,19.716487609329448
239.0,300.0,20.6938798630137
239.0,400.0,22.87110395683453
239.0,500.0,32.76905956521739
239.0,600.0,24.60788641571195
239.0,700.0,21.703993728813558
239.0,800.0,18.189825592417062
240.0,0.0,13.297369444444445
240.0,100.0,16.4694375
240.0,200.0,15.174289361702128
240.0,300.0,14.803966666666668
240.0,400.0,15.467989655172415
240.0,500.0,11.548173333333333
240.0,600.0,11.6363
240.0,700.0,15.062116216216218
240.0,800.0,15.370833333333332
241.0,0.0,44.380642622950816
241.0,100.0,41.35798672566372
241.0,200.0,45.31825764705882
241.0,300.0,43.181144525547445
241.0,400.0,43.49037433628319
241.0,500.0,50.27013488372093
241.0,600.0,45.75431595744681
241.0,700.0,41.48341796875
241.0,800.0,47.7503306122449
242.0,0.0,48.913375
242.0,100.0,43.834863999999996
242.0,200.0,44.236890476190474
242.0,300.0,41.9946
242.0,400.0,39.653786206896555
242.0,500.0,50.4033090909091
242.0,600.0,47.61817857142857
242.0,700.0,44.2778423076923
242.0,800.0,40.0718
245.0,0.0,19.311359716312055
245.0,100.0,13.585724909747292
245.0,200.0,14.827007224770641
245.0,300.0,19.21858012578616
245.0,400.0,18.503486717752235
245.0,500.0,18.610476247504987
245.0,600.0,16.63149358860196
245.0,700.0,22.728530246913582
245.0,800.0,8.3689559375
246.0,0.0,12.10154966442953
246.0,100.0,15.125208126036485
246.0,200.0,17.36561165311653
246.0,300.0,17.288512315270935
246.0,400.0,13.413284629294756
246.0,500.0,10.509020833333333
246.0,600.0,15.554579280821917
246.0,700.0,12.58338566552901
246.0,800.0,5.387813888888889
247.0,200.0,7.56165
247.0,400.0,23.422625
247.0,500.0,19.9109
248.0,0.0,16.768947491638794
248.0,100.0,12.208717391304347
248.0,200.0,17.790747619047618
248.0,300.0,13.541014351851853
248.0,400.0,8.580700185873605
248.0,500.0,14.201353507014028
248.0,600.0,12.96164751243781
248.0,700.0,0.0
249.0,0.0,10.894612857142857
249.0,100.0,15.881931967213115
249.0,200.0,20.371075675675677
249.0,300.0,16.573075939849623
249.0,400.0,16.371684210526315
249.0,500.0,23.892479611650487
249.0,600.0,25.842662068965517
250.0,0.0,14.846741796200346
250.0,100.0,17.078025441696113
250.0,200.0,12.03877125
250.0,300.0,15.565798947368421
250.0,400.0,13.41956408839779
250.0,500.0,17.75880152671756
250.0,600.0,17.252462402088774
250.0,700.0,0.6154054054054054
251.0,0.0,16.556137894736842
251.0,100.0,29.598950602409637
251.0,200.0,25.360767692307693
251.0,300.0,26.391019029850746
251.0,400.0,19.159488554216868
251.0,500.0,19.231130747922435
251.0,600.0,21.131027596439168
251.0,700.0,5.605635365853659
252.0,0.0,27.949011111111112
252.0,100.0,20.33787794117647
252.0,200.0,21.62572
252.0,300.0,23.687942372881356
252.0,400.0,19.858874193548385
252.0,500.0,16.09952300884956
252.0,600.0,23.763563829787234
252.0,700.0,13.271475
253.0,300.0,19.15015
253.0,400.0,25.5335
255.0,100.0,24.516225000000002
255.0,200.0,19.888350000000003
255.0,300.0,5.348171515151515
255.0,400.0,8.10271157894737
255.0,500.0,10.22598947368421
255.0,600.0,10.50783611111111
256.0,500.0,8.26575
257.0,0.0,14.2384
257.0,100.0,11.177241509433964
257.0,200.0,15.8426
257.0,300.0,19.634336363636365
257.0,400.0,19.871933333333335
258.0,0.0,13.723465185185185
258.0,100.0,9.573945394736842
258.0,200.0,6.891154761904762
258.0,300.0,7.4092236714975845
258.0,400.0,7.044619771863118
258.0,500.0,8.079915354330709
258.0,600.0,7.313821923076922
258.0,700.0,2.4066715789473685
259.0,600.0,0.0026046511627906975
259.0,700.0,0.002488888888888889
260.0,0.0,30.606540000000003
260.0,100.0,27.784316901408452
260.0,200.0,27.466986956521737
260.0,300.0,13.79991052631579
260.0,400.0,28.637760317460316
260.0,500.0,26.720309615384615
260.0,600.0,32.73192291666667
260.0,700.0,15.321121052631577
261.0,0.0,22.45709515828678
261.0,100.0,19.534180331262938
261.0,200.0,23.54772764423077
261.0,300.0,16.646432699619773
261.0,400.0,18.466608450704225
261.0,500.0,21.380404397705544
261.0,600.0,22.555725
261.0,700.0,1.2930603174603175
262.0,0.0,33.26156696035242
262.0,100.0,32.81539754601227
262.0,200.0,26.950247540983607
262.0,300.0,31.49401974789916
262.0,400.0,26.087075409836064
262.0,500.0,29.97644251968504
262.0,600.0,33.484069026548674
262.0,700.0,22.48993529411765
263.0,0.0,0.3185386363636364
263.0,100.0,1.3883490566037735
263.0,200.0,0.0
263.0,300.0,4.453114130434783
263.0,400.0,0.437632530120482
263.0,500.0,2.0784221719457014
263.0,600.0,0.7564019323671497
263.0,700.0,0.0
264.0,0.0,20.1126
264.0,100.0,22.978379999999998
264.0,200.0,21.8068
264.0,300.0,20.547433333333334
264.0,400.0,20.374766666666666
264.0,500.0,24.794600000000003
264.0,600.0,22.25955
264.0,700.0,20.95945
265.0,0.0,35.222795256916996
265.0,100.0,33.54959611650486
265.0,200.0,31.937751957295372
265.0,300.0,32.73180196078431
265.0,400.0,33.9330625
265.0,500.0,33.25451609589041
265.0,600.0,34.877766115702485
265.0,700.0,25.296213636363635
266.0,0.0,15.19366
266.0,100.0,6.67534347826087
266.0,200.0,9.103950000000001
266.0,300.0,17.0788
266.0,400.0,17.8115125
266.0,500.0,2.9547945945945946
266.0,600.0,5.839210810810811
266.0,700.0,0.2138857142857143
267.0,0.0,11.797071692060946
267.0,100.0,12.343091352549889
267.0,200.0,10.176354916897507
267.0,300.0,12.674129942575881
267.0,400.0,15.472499287894202
267.0,500.0,12.969011843276936
267.0,600.0,8.874130011723329
267.0,700.0,1.7114625698324024
268.0,0.0,15.140979999999999
268.0,100.0,17.655372727272727
268.0,300.0,7.706116176470588
268.0,400.0,0.29426699029126213
268.0,500.0,4.163455147058824
268.0,600.0,1.6676034782608697
268.0,700.0,0.0
269.0,0.0,3.052998046875
269.0,100.0,3.4318492000000003
269.0,200.0,5.926448148148148
269.0,300.0,4.290796442687747
269.0,400.0,5.573527147766323
269.0,500.0,7.188713513513513
269.0,600.0,3.8477344497607655
269.0,700.0,15.198467647058822
270.0,0.0,14.335553846153847
270.0,200.0,2.0939435897435894
270.0,300.0,10.167629999999999
270.0,400.0,12.22528
271.0,100.0,11.80861875
271.0,200.0,10.888556756756756
271.0,300.0,13.82525294117647
271.0,400.0,9.460032727272727
271.0,500.0,12.0688
271.0,600.0,13.670722222222222
271.0,700.0,8.283058823529412
272.0,0.0,7.412540506329114
272.0,300.0,7.506985714285714
272.0,400.0,3.278476470588235
273.0,0.0,4.841541532258065
273.0,100.0,7.341698076923078
273.0,200.0,6.172133858267716
273.0,300.0,6.627049253731344
273.0,400.0,4.505842735042735
273.0,500.0,5.324869154228856
273.0,600.0,10.891881132075472
273.0,700.0,15.379742222222221
274.0,0.0,16.386862028985504
274.0,100.0,15.937067892976588
274.0,200.0,23.07663023255814
274.0,300.0,21.2127997260274
274.0,400.0,13.806914942528737
274.0,500.0,14.353269196428572
274.0,600.0,19.71406463022508
275.0,0.0,24.811613333333334
275.0,100.0,22.56415
275.0,200.0,20.64514
275.0,300.0,23.097158823529412
275.0,400.0,27.891822222222224
275.0,500.0,26.902827272727276
275.0,600.0,24.011955555555556
275.0,700.0,25.294900000000002
276.0,0.0,18.375162857142858
276.0,100.0,17.462742016806722
276.0,200.0,20.602877112676055
276.0,300.0,18.09539483394834
276.0,400.0,22.305094823529412
276.0,500.0,14.798262365591398
276.0,600.0,17.820585486725665
276.0,700.0,26.675291228070176
277.0,0.0,20.066737500000002
277.0,400.0,21.815459999999998
278.0,0.0,3.9566269662921347
278.0,100.0,4.820644604316547
278.0,200.0,3.6150526442307696
278.0,300.0,3.9362464435146443
278.0,400.0,2.1373159090909093
278.0,500.0,2.250768669527897
278.0,600.0,3.5974386
278.0,700.0,9.449607142857143
279.0,300.0,24.279875
279.0,400.0,10.292411111111111
280.0,0.0,11.494965226337449
280.0,100.0,10.91214379562044
280.0,200.0,11.27958520599251
280.0,300.0,11.696064705882351
280.0,400.0,8.459480158730159
280.0,500.0,10.277304103343464
280.0,600.0,8.116472360248448
280.0,700.0,4.308010752688172
281.0,0.0,2.4674131325301203
281.0,100.0,3.175263401360544
281.0,200.0,4.9073140862944165
281.0,300.0,3.3021020710059172
281.0,400.0,5.0283201814058955
281.0,500.0,3.4182377391304346
281.0,600.0,4.196602733118971
281.0,700.0,1.8516747899159665
283.0,0.0,30.778396666666666
283.0,100.0,11.702642857142857
283.0,200.0,13.698111570247935
283.0,300.0,11.478646218487397
283.0,400.0,7.67337552742616
283.0,500.0,10.578932653061225
283.0,600.0,33.73578545454546
286.0,0.0,8.017731901840492
286.0,100.0,7.95550175879397
286.0,200.0,8.307760641399417
286.0,300.0,11.38592750929368
286.0,400.0,6.920497982345523
286.0,500.0,5.9284977469670705
286.0,600.0,11.055600571428572
286.0,700.0,9.262722442244224
286.0,800.0,18.756543396226416
287.0,0.0,10.743977843137255
287.0,100.0,11.071656459330145
287.0,200.0,13.00502889908257
287.0,300.0,13.267084452975048
287.0,400.0,15.44018785942492
287.0,500.0,13.727364492753622
287.0,600.0,12.390822465753425
287.0,700.0,9.393351358695652
287.0,800.0,3.21149224137931
288.0,0.0,9.649246634615384
288.0,100.0,6.504986138613861
288.0,200.0,11.730542372881356
288.0,300.0,6.207980985915492
288.0,400.0,14.324998507462686
288.0,500.0,6.702012165450122
288.0,600.0,4.578146048109966
289.0,400.0,11.427231578947369
289.0,500.0,10.686701351351353
290.0,400.0,8.374428571428572
290.0,500.0,13.11424
291.0,300.0,27.825757142857146
291.0,500.0,8.87393
291.0,600.0,0.02220357142857143
291.0,700.0,25.336183333333334
294.0,0.0,4.3666114864864864
294.0,100.0,7.974741984732824
294.0,200.0,7.890006211180124
294.0,300.0,13.658041340782123
294.0,400.0,13.403428846153846
294.0,500.0,9.810400444444443
294.0,600.0,12.220546583850933
294.0,700.0,6.290066666666667
295.0,700.0,11.663716666666666
297.0,0.0,21.506868085106383
297.0,100.0,12.8692425
297.0,200.0,5.566783687943262
297.0,300.0,7.532728275862069
297.0,400.0,26.05412133333333
297.0,500.0,15.432569333333333
297.0,600.0,10.996871186440679
297.0,700.0,17.763114705882355
299.0,300.0,8.250142857142857
300.0,0.0,13.117146666666665
300.0,100.0,3.1213709677419357
300.0,200.0,24.626640000000002
300.0,300.0,5.685314492753623
300.0,400.0,2.2728685714285715
300.0,500.0,5.490358108108108
300.0,600.0,4.517441279069768
300.0,700.0,4.729923880597015
301.0,0.0,12.946826890756302
301.0,100.0,11.767563204747773
301.0,200.0,10.45821812865497
301.0,300.0,11.465231456953642
301.0,400.0,11.86352548076923
301.0,500.0,8.070849547218629
301.0,600.0,10.675428927203066
301.0,700.0,3.79801049382716
302.0,0.0,5.34569375
302.0,100.0,10.473467307692308
302.0,200.0,5.853787378640777
302.0,300.0,7.7883975708502025
302.0,400.0,7.427617123287671
302.0,500.0,6.186079081632654
302.0,600.0,7.209615337423314
302.0,700.0,15.554327272727273
303.0,0.0,3.46995
303.0,300.0,7.78371875
304.0,0.0,10.489142021276596
304.0,100.0,9.06491690140845
304.0,200.0,11.794917224880384
304.0,300.0,10.756311827956988
304.0,400.0,13.196910824742268
304.0,500.0,26.352787142857142
304.0,600.0,23.937988679245287
304.0,700.0,11.682147368421052
305.0,0.0,25.549646899224808
305.0,100.0,20.730151903114187
305.0,200.0,28.077798841698844
305.0,300.0,29.057099062499997
305.0,400.0,20.970478820375334
305.0,500.0,23.89634285714286
305.0,600.0,24.862825899280576
305.0,700.0,2.9339407407407405
306.0,0.0,27.702087654320987
306.0,100.0,27.076586956521737
306.0,200.0,29.535798780487806
306.0,300.0,27.527321008403362
306.0,400.0,26.611361643835618
306.0,500.0,32.05266530612245
306.0,600.0,32.63726774193548
306.0,700.0,34.81282
307.0,0.0,32.0671
307.0,100.0,29.93040476190476
307.0,200.0,31.688723076923075
307.0,300.0,24.138711904761905
307.0,400.0,32.06496153846154
307.0,600.0,13.638011111111112
308.0,0.0,11.881849122807017
308.0,100.0,7.648863698630136
308.0,200.0,10.022652839506172
308.0,300.0,10.177033693304535
308.0,400.0,9.67405736925515
308.0,500.0,10.356368197879858
308.0,600.0,13.587936494252872
309.0,0.0,7.9919106976744185
309.0,100.0,6.339600921658986
309.0,200.0,9.941094043887146
309.0,300.0,6.345983422459893
309.0,400.0,6.429470952380953
309.0,500.0,3.730520731707317
309.0,600.0,11.006559615384615
309.0,700.0,0.0
310.0,0.0,25.292874
310.0,100.0,24.01001715328467
310.0,200.0,17.70327111111111
310.0,300.0,17.191773770491803
310.0,400.0,19.711629479768785
310.0,500.0,16.90458256880734
310.0,600.0,17.20290177419355
310.0,700.0,20.066417368421053
313.0,0.0,22.078561666666666
313.0,100.0,20.325748192771083
313.0,200.0,20.575611475409836
313.0,300.0,16.891070454545453
313.0,400.0,15.405933
313.0,500.0,24.335605714285716
313.0,600.0,18.69781923076923
313.0,700.0,23.911327777777778
314.0,0.0,31.998909090909088
314.0,100.0,36.76954862385321
314.0,200.0,37.1071572327044
314.0,300.0,38.99200763358779
314.0,400.0,31.464867420814482
314.0,500.0,37.20850684210526
314.0,600.0,41.093182758620685
315.0,0.0,15.143923768115942
315.0,100.0,14.216517896678967
315.0,200.0,18.760532598039216
315.0,300.0,15.337189375
315.0,400.0,19.752798349834983
315.0,500.0,8.333173175182482
315.0,600.0,15.229295166666667
315.0,700.0,19.720782432432433
316.0,0.0,9.398235416666667
316.0,100.0,11.0690515625
316.0,200.0,3.86427421875
316.0,300.0,0.03811897435897436
316.0,400.0,2.5464261410788382
316.0,500.0,1.4628419117647058
316.0,600.0,1.5208418348623853
316.0,700.0,0.14470377358490566
317.0,0.0,32.50239981684982
317.0,100.0,41.35406636636637
317.0,200.0,34.95571500938087
317.0,300.0,36.5512639442231
317.0,400.0,35.660127546296295
317.0,500.0,38.43587485549133
317.0,600.0,40.70225168539326
317.0,700.0,28.36609512195122
318.0,0.0,5.0545611940298505
318.0,100.0,2.789677127659574
318.0,200.0,13.859978787878788
318.0,300.0,3.0087720930232553
318.0,400.0,3.34098
318.0,500.0,5.444207142857143
318.0,600.0,3.294845238095238
318.0,700.0,14.1167
319.0,0.0,44.74007876447876
319.0,100.0,49.34718005115089
319.0,200.0,43.112099659863944
319.0,300.0,41.426479794520546
319.0,400.0,37.034749999999995
319.0,500.0,36.07937550644567
319.0,600.0,36.79649196581197
319.0,700.0,20.53097704918033
320.0,0.0,22.08715
320.0,100.0,20.622830555555552
320.0,200.0,15.224738961038963
320.0,300.0,20.5622375
320.0,400.0,19.770154166666668
320.0,500.0,19.77374193548387
321.0,400.0,13.321064705882351
321.0,500.0,0.0
321.0,600.0,0.0
322.0,100.0,7.455669230769231
322.0,200.0,1.600125
322.0,300.0,0.0
322.0,400.0,0.0
322.0,500.0,0.49422745098039217
322.0,600.0,4.103636585365853
323.0,0.0,15.6773
323.0,100.0,11.65264
323.0,200.0,6.7278400000000005
323.0,300.0,18.282
323.0,500.0,7.787299999999999
323.0,600.0,26.3183
324.0,0.0,29.662098484848485
324.0,100.0,29.33289135802469
324.0,200.0,32.0582296875
324.0,300.0,22.979782857142855
324.0,400.0,27.095983582089552
324.0,500.0,22.26196326530612
324.0,600.0,18.275155434782608
325.0,0.0,24.351285714285716
325.0,100.0,23.455522857142856
325.0,200.0,7.168672535211267
325.0,300.0,5.50686224489796
325.0,400.0,13.936466666666668
325.0,500.0,20.31083043478261
325.0,600.0,22.779955
325.0,700.0,3.7070480000000003
326.0,0.0,24.943714473684214
326.0,100.0,12.265219325432998
326.0,200.0,19.082194719471946
326.0,300.0,13.702477016129032
326.0,400.0,12.346989189189188
326.0,500.0,11.115678264532436
326.0,600.0,8.546543150684931
326.0,700.0,0.6723388379204893
328.0,0.0,13.29644375
329.0,0.0,7.411550424929179
329.0,100.0,10.508082978723404
329.0,200.0,13.879452100840336
329.0,300.0,8.426809375
329.0,400.0,11.346783684210527
329.0,500.0,8.864758935361216
329.0,600.0,13.650986160714286
329.0,700.0,1.057313043478261
330.0,0.0,7.7707
330.0,400.0,6.321695652173913
331.0,0.0,4.797521270718232
331.0,100.0,4.695851813471503
331.0,200.0,6.864374946921444
331.0,300.0,4.960612347826087
331.0,400.0,7.006098402555911
331.0,500.0,5.7497
331.0,600.0,3.825146739130435
332.0,0.0,0.0
332.0,100.0,0.0
332.0,200.0,0.0036555555555555556
333.0,100.0,6.63943023255814
333.0,200.0,6.953897872340425
334.0,0.0,7.7681905362776025
334.0,100.0,9.439578037383178
334.0,200.0,9.41567149321267
334.0,300.0,8.175743109540635
334.0,400.0,19.63001346153846
334.0,500.0,8.524281081081082
334.0,600.0,5.918950000000001
334.0,700.0,9.811860000000001
335.0,200.0,2.063575
335.0,300.0,4.943461643835617
335.0,400.0,3.0278069306930693
335.0,500.0,5.783433333333334
336.0,0.0,0.6057991452991454
336.0,100.0,1.6447947368421054
336.0,300.0,5.927733333333333
336.0,400.0,1.92676568627451
336.0,500.0,2.1584278106508874
336.0,600.0,2.313206666666667
337.0,0.0,30.9175
337.0,200.0,0.4401357142857143
337.0,300.0,0.0
337.0,400.0,0.0
337.0,500.0,0.375203738317757
337.0,600.0,0.2897896551724138
338.0,0.0,0.7303364705882354
338.0,100.0,2.5568285714285715
338.0,200.0,2.0480590163934425
338.0,300.0,0.6761360360360361
338.0,400.0,1.8250580246913581
338.0,500.0,3.3376615384615387
340.0,0.0,33.49402989130435
340.0,100.0,30.24541679389313
340.0,200.0,16.745261559139784
340.0,300.0,9.217844863013699
340.0,400.0,7.238259020618557
340.0,500.0,14.197278571428571
340.0,600.0,3.784251785714286
341.0,0.0,7.316867730496453
341.0,100.0,14.810294160583942
341.0,200.0,10.413878
341.0,300.0,17.54715245901639
341.0,400.0,13.338204195804195
341.0,500.0,6.748329639889197
341.0,600.0,3.945375384615385
342.0,0.0,3.436853608247423
342.0,100.0,4.134485907859078
342.0,200.0,6.362897112860892
342.0,300.0,4.1515889908256876
342.0,400.0,7.61399298892989
342.0,500.0,3.819208695652174
342.0,600.0,5.408628680203045
342.0,700.0,0.2537972972972973
343.0,0.0,8.920792369477912
343.0,100.0,8.653634472049688
343.0,200.0,5.804776751592357
343.0,300.0,3.3082318302387264
343.0,400.0,5.295369333333333
343.0,500.0,5.536081995133819
343.0,600.0,8.468850526315789
344.0,0.0,10.424791153846154
344.0,100.0,14.782168224299065
344.0,200.0,12.218352517985613
344.0,300.0,14.492959574468085
344.0,400.0,11.583189802631578
344.0,500.0,11.425108430232559
344.0,600.0,8.241894736842106
344.0,700.0,6.599306293706293
345.0,0.0,10.129957925407926
345.0,100.0,12.290947652916074
345.0,200.0,15.79688969072165
345.0,300.0,20.388327539503386
345.0,400.0,20.338952645502644
345.0,500.0,11.611978879813302
345.0,600.0,23.06426674364896
346.0,0.0,10.119247524752476
346.0,100.0,7.089378125
346.0,200.0,5.379708441558441
346.0,300.0,6.773151685393259
346.0,400.0,4.625862686567164
346.0,500.0,8.226194405594406
346.0,600.0,7.381218803418804
347.0,0.0,30.100256349206347
347.0,100.0,28.951707473309607
347.0,200.0,33.44692345276873
347.0,300.0,36.81784940711462
347.0,400.0,32.805455200000004
347.0,500.0,34.8629384
347.0,600.0,39.538087050359714
347.0,700.0,19.01123
348.0,0.0,20.456400000000002
348.0,100.0,2.4327803278688522
348.0,300.0,2.228041304347826
348.0,500.0,13.730642857142856
348.0,600.0,0.0006309523809523809
348.0,700.0,2.5445636363636366
349.0,0.0,6.821537914691943
349.0,100.0,6.191625783972126
349.0,200.0,3.7011242905788877
349.0,300.0,3.747277163461539
349.0,400.0,5.4246086363636365
349.0,500.0,4.5157577909270215
349.0,600.0,5.402887955182073
349.0,700.0,6.340497902097902
350.0,100.0,1.8268692307692307
350.0,200.0,5.434607142857142
350.0,600.0,14.0131
351.0,0.0,7.413916254416962
351.0,100.0,1.8527497005988023
351.0,200.0,8.248147413793102
351.0,300.0,6.66951283018868
351.0,400.0,4.260838957816377
351.0,500.0,6.450468079096046
351.0,600.0,13.535156834532375
352.0,0.0,30.632872727272726
352.0,100.0,30.73156111111111
352.0,200.0,30.72933076923077
352.0,300.0,30.326133333333335
352.0,400.0,25.303482608695653
352.0,500.0,35.81161
352.0,600.0,30.11317692307692
353.0,0.0,3.682725847457627
353.0,100.0,8.287435031847135
353.0,200.0,9.715304255319149
353.0,300.0,7.502458757062146
353.0,400.0,2.7246294930875576
353.0,500.0,4.704025225225225
353.0,600.0,7.506239108910891
354.0,200.0,2.0028967032967033
354.0,300.0,1.769042608695652
354.0,400.0,2.639428181818182
354.0,500.0,2.458206194690266
354.0,600.0,1.5875774647887324
355.0,0.0,9.733280660377359
355.0,100.0,6.432108365019012
355.0,200.0,11.757522999999999
355.0,300.0,9.755291471801927
355.0,400.0,11.655287949260043
355.0,500.0,11.993823736600307
355.0,600.0,12.467323936170214
355.0,700.0,15.658879166666667
356.0,0.0,14.734113218390805
356.0,100.0,7.085843119266055
356.0,200.0,23.319755555555556
356.0,300.0,11.35332795031056
356.0,400.0,11.05243623853211
356.0,500.0,14.210473529411765
356.0,600.0,21.69088888888889
356.0,700.0,19.658783333333336
357.0,0.0,19.122640892193306
357.0,100.0,26.144337890625
357.0,200.0,19.776651070336392
357.0,300.0,22.610236040609134
357.0,400.0,38.1167875
357.0,500.0,24.122141035856576
357.0,600.0,23.652251960784316
357.0,700.0,39.13015087719298
358.0,0.0,29.248759420289854
358.0,100.0,13.7865
358.0,200.0,28.26964117647059
358.0,300.0,23.733507499999998
358.0,400.0,10.98269705882353
358.0,500.0,13.38419512195122
358.0,600.0,17.006081967213117
359.0,0.0,20.86616666666667
359.0,200.0,15.594568181818182
359.0,300.0,1.730879365079365
359.0,400.0,6.707076
359.0,600.0,5.288503174603175
360.0,0.0,4.553725626740947
360.0,100.0,1.433001754385965
360.0,200.0,5.774928708133971
360.0,300.0,4.707674563591023
360.0,400.0,4.617521502590674
360.0,500.0,3.3576552995391706
360.0,600.0,10.509078431372549
361.0,0.0,26.2402
361.0,100.0,28.068849999999998
361.0,200.0,27.1888
361.0,300.0,26.2854
361.0,400.0,23.563000000000002
361.0,500.0,24.0846
362.0,0.0,29.750465060240963
362.0,100.0,29.019518604651164
362.0,200.0,30.147142647058825
362.0,300.0,26.758997590361446
362.0,400.0,18.049653125
362.0,500.0,26.941366666666667
362.0,600.0,22.346596721311474
363.0,200.0,23.55756666666667
363.0,300.0,15.568733333333332
363.0,400.0,4.10279090909091
363.0,600.0,1.283049514563107
363.0,700.0,0.0
364.0,0.0,6.156423741007194
364.0,100.0,3.6676064705882356
364.0,200.0,4.828922701149425
364.0,300.0,8.1261599009901
364.0,400.0,11.600052631578947
364.0,500.0,7.0729401515151515
364.0,600.0,3.978176271186441
364.0,700.0,0.1604
365.0,0.0,28.315592857142857
365.0,100.0,26.970505263157897
365.0,200.0,29.951090476190476
365.0,300.0,26.699153846153845
365.0,400.0,23.10548181818182
365.0,500.0,28.62853181818182
365.0,600.0,23.29066842105263
366.0,0.0,15.040850677506777
366.0,100.0,8.890010465116278
366.0,200.0,20.951437560975613
366.0,300.0,7.2196710564399424
366.0,400.0,6.141988416988418
366.0,500.0,3.445138569078947
366.0,600.0,8.588950773195876
367.0,0.0,15.043506
367.0,100.0,28.500633333333337
367.0,200.0,24.618985074626867
367.0,300.0,25.6145
367.0,400.0,25.50836126126126
367.0,500.0,33.83012794117647
367.0,600.0,20.161429166666668
367.0,700.0,21.784774468085107
367.0,800.0,25.889499999999998
369.0,0.0,25.53342462006079
369.0,100.0,31.76897716894977
369.0,200.0,32.30800566801619
369.0,300.0,32.13739852941177
369.0,400.0,38.3200125
369.0,500.0,34.12446188524591
369.0,600.0,27.363385636856368
370.0,0.0,20.478917391304346
370.0,100.0,21.02391627906977
370.0,200.0,25.006349999999998
370.0,300.0,19.51726842105263
370.0,400.0,23.000870588235294
370.0,500.0,23.512469047619046
370.0,600.0,19.600484615384616
371.0,0.0,7.453905882352942
372.0,0.0,26.12751875
372.0,100.0,18.26221
372.0,200.0,7.125815873015873
372.0,300.0,28.37212727272727
372.0,400.0,33.534600000000005
372.0,500.0,32.84717647058824
372.0,600.0,34.97615625
372.0,700.0,35.879358333333336
373.0,0.0,6.53454358974359
373.0,100.0,15.19221875
373.0,200.0,15.566180000000001
373.0,300.0,8.34684705882353
373.0,500.0,13.6282125
373.0,600.0,14.6517875
374.0,0.0,22.767980959198283
374.0,100.0,21.148830486685032
374.0,200.0,22.976945872061236
374.0,300.0,20.955941128622268
374.0,400.0,22.463157891373804
374.0,500.0,21.444471255306247
374.0,600.0,21.2502269761606
374.0,700.0,28.586748136645962
375.0,100.0,11.517679365079365
375.0,200.0,3.4988
375.0,300.0,5.1329225
376.0,0.0,19.303016402116402
376.0,100.0,15.623542580645163
376.0,200.0,18.312856501182033
376.0,300.0,17.381453642384106
376.0,400.0,21.298516904761904
376.0,500.0,18.465797307001797
376.0,600.0,16.353062068965517
376.0,700.0,3.994433142857143
377.0,0.0,7.520979922779923
377.0,100.0,4.8077348790322585
377.0,200.0,8.669406666666667
377.0,300.0,9.038461038961039
377.0,400.0,3.651274436090225
377.0,500.0,7.640850091407678
377.0,600.0,9.52961570881226
378.0,0.0,11.001492307692306
378.0,100.0,33.71196428571428
378.0,200.0,15.364914705882354
378.0,300.0,20.83729166666667
378.0,400.0,4.3749874251497
378.0,500.0,27.794705263157898
378.0,600.0,4.196567441860465
379.0,0.0,2.01595
379.0,100.0,1.7110482758620689
379.0,200.0,7.16521875
379.0,300.0,1.7742329842931936
379.0,400.0,2.5092733333333332
379.0,600.0,5.044979310344827
380.0,0.0,12.153319387755102
380.0,100.0,4.107512264150944
380.0,200.0,10.533652127659575
380.0,300.0,7.755668461538462
380.0,400.0,5.270893181818182
380.0,500.0,6.194827450980392
380.0,600.0,13.154114
381.0,0.0,6.3177841563786
381.0,100.0,10.13260412371134
381.0,200.0,7.301574111675127
381.0,300.0,8.753141666666666
381.0,400.0,4.504729545454546
381.0,500.0,8.12625632183908
381.0,600.0,3.6646490666666667
382.0,0.0,13.856324054054054
382.0,100.0,12.456674168797953
382.0,200.0,10.398348098859316
382.0,300.0,10.34813109048724
382.0,400.0,9.125863894967177
382.0,500.0,12.009389139344263
382.0,600.0,9.793779345603271
382.0,700.0,6.504353757225434
384.0,400.0,23.5851
385.0,0.0,22.540155445544553
385.0,100.0,26.647551168831168
385.0,200.0,25.74745702917772
385.0,300.0,21.92313046875
385.0,400.0,22.34090212314225
385.0,500.0,23.766707959183673
385.0,600.0,23.870728358208957
385.0,700.0,21.139022222222223
386.0,0.0,25.01615
386.0,100.0,20.212884615384617
386.0,200.0,21.80443
386.0,300.0,21.089383333333334
386.0,400.0,23.099473214285716
386.0,500.0,23.33005576923077
386.0,600.0,25.089189743589742
386.0,700.0,25.789875000000002
387.0,300.0,31.165399999999998
388.0,0.0,22.988357142857144
388.0,100.0,22.815672727272727
388.0,200.0,20.139523529411765
388.0,300.0,23.17352
388.0,400.0,24.0203625
388.0,500.0,20.87655833333333
388.0,600.0,26.97297142857143
388.0,700.0,22.52227142857143
389.0,0.0,25.957966315789474
389.0,100.0,27.929782386363637
389.0,200.0,23.2934306122449
389.0,300.0,19.217023111111114
389.0,400.0,20.22034845360825
389.0,500.0,20.305598387096776
389.0,600.0,22.03974554973822
389.0,700.0,2.3564954545454544
390.0,0.0,9.854848684210525
390.0,100.0,11.35576967340591
390.0,200.0,12.769391107078041
390.0,300.0,30.695672258064516
390.0,400.0,12.634283159463486
390.0,500.0,14.816804377104377
390.0,600.0,7.320008645533141
390.0,700.0,2.2084623188405796
391.0,0.0,3.3536667519181584
391.0,100.0,2.397030604288499
391.0,200.0,2.470987215411559
391.0,300.0,4.831344353182752
391.0,400.0,7.416452795031056
391.0,500.0,4.987260984848485
391.0,600.0,5.3212894428152495
391.0,700.0,11.08353125
392.0,0.0,29.016005102040815
392.0,100.0,26.343820491803278
392.0,200.0,26.960753389830508
392.0,300.0,30.140024305555553
392.0,400.0,36.56921594202899
392.0,500.0,33.90188125
392.0,600.0,35.034983000000004
392.0,700.0,41.56786
393.0,0.0,9.300142857142857
393.0,100.0,14.27103076923077
393.0,200.0,1.8490595238095238
393.0,300.0,4.502599999999999
393.0,600.0,22.381657142857144
393.0,700.0,6.10958125
395.0,0.0,30.4853
395.0,100.0,25.321634615384614
395.0,200.0,26.40635
395.0,300.0,22.923446376811597
395.0,400.0,23.585395833333333
395.0,500.0,22.972678787878788
396.0,400.0,9.685269696969698
396.0,500.0,3.5708592592592594
397.0,0.0,30.718556521739128
397.0,100.0,27.45450111111111
397.0,200.0,29.07117142857143
397.0,300.0,26.5604375
397.0,400.0,27.355879545454545
397.0,500.0,27.963542553191488
397.0,600.0,29.061728000000002
397.0,700.0,26.756075
398.0,0.0,33.9189
398.0,100.0,33.72214
398.0,200.0,37.99778333333334
398.0,300.0,21.449279999999998
398.0,600.0,40.2915
399.0,100.0,22.20756
399.0,200.0,17.201439999999998
399.0,300.0,31.46915
399.0,400.0,24.557477777777777
399.0,500.0,24.885966666666665
400.0,0.0,17.79456572052402
400.0,100.0,13.56897326694753
400.0,200.0,13.073197264325323
400.0,300.0,13.539787231759657
400.0,400.0,14.176455706760317
400.0,500.0,14.755082349696636
400.0,600.0,13.12133452549575
400.0,700.0,14.52609182795699
400.0,800.0,13.866514742967993
401.0,200.0,20.7644375
401.0,600.0,21.8522125
402.0,0.0,13.239137782340864
402.0,100.0,14.162500158730158
402.0,200.0,14.91570702781845
402.0,300.0,12.89160448833034
402.0,400.0,17.23036470588235
402.0,500.0,15.055517894736843
402.0,600.0,15.621066711229947
402.0,700.0,4.11199387755102
403.0,0.0,32.771190000000004
403.0,100.0,42.1156
403.0,200.0,35.944069999999996
403.0,300.0,25.14651111111111
403.0,400.0,36.806916666666666
403.0,600.0,36.36034166666666
404.0,200.0,14.6741
408.0,0.0,33.46064603174603
408.0,100.0,37.76060555555556
408.0,200.0,31.970537931034485
408.0,300.0,36.49980333333333
408.0,400.0,25.20080337078652
408.0,500.0,34.31359166666667
408.0,600.0,33.170936000000005
409.0,0.0,7.940494808126411
409.0,100.0,4.6390991999999995
409.0,200.0,8.264903004291845
409.0,300.0,10.027823188405797
409.0,400.0,8.183753316953318
409.0,500.0,6.659206084243369
409.0,600.0,8.855042803030303
410.0,0.0,12.714416198704104
410.0,100.0,14.799710033444816
410.0,200.0,19.383809375000002
410.0,300.0,18.85561274509804
410.0,400.0,11.793325862068967
410.0,500.0,15.608087461773701
410.0,600.0,19.86763318181818
410.0,700.0,37.025999999999996
411.0,0.0,15.901019168591224
411.0,100.0,16.543776439790577
411.0,200.0,13.999579665738162
411.0,300.0,13.236249857954546
411.0,400.0,16.132681428571427
411.0,500.0,14.788129795158287
411.0,600.0,15.734635812672177
411.0,700.0,4.157980357142857
412.0,0.0,23.628172635135133
412.0,100.0,23.526672641509432
412.0,200.0,21.691045794392522
412.0,300.0,30.279911949685538
412.0,400.0,23.42534591836735
412.0,500.0,18.450828
412.0,600.0,14.891083333333333
412.0,700.0,15.299408695652176
413.0,0.0,30.314718604651162
413.0,100.0,33.72367619047619
413.0,200.0,35.312466666666666
413.0,300.0,29.867884848484845
413.0,400.0,33.3103962962963
413.0,500.0,17.189690123456792
413.0,600.0,26.814625806451613
414.0,0.0,8.78415322580645
414.0,100.0,9.400658673469387
414.0,200.0,5.467818253968254
414.0,300.0,14.356070270270271
414.0,400.0,5.1483
414.0,500.0,12.260045833333335
414.0,600.0,9.87948888888889
415.0,300.0,2.725494366197183
415.0,400.0,6.720458947368422
415.0,500.0,19.89802830188679
416.0,200.0,2.2995142857142854
416.0,300.0,17.6892
417.0,0.0,11.727500000000001
417.0,100.0,9.2455
417.0,200.0,12.90945
417.0,300.0,9.58085
417.0,400.0,18.54
417.0,500.0,11.008199999999999
417.0,600.0,13.516725
418.0,0.0,18.61990137693632
418.0,100.0,28.867284122562673
418.0,200.0,27.643061417322834
418.0,300.0,37.28473651452282
418.0,400.0,20.313065625
418.0,500.0,26.764706650246307
418.0,600.0,21.32362917647059
418.0,700.0,11.902659821428571
421.0,0.0,0.48051166666666667
421.0,100.0,1.7374215686274508
421.0,400.0,2.016789090909091
422.0,100.0,0.9053
422.0,300.0,24.997542857142857
422.0,400.0,14.976814285714285
423.0,0.0,0.2731366972477064
423.0,100.0,0.7529298076923077
423.0,200.0,1.3886289156626508
423.0,300.0,0.03539710144927537
423.0,400.0,0.06235933014354068
423.0,500.0,0.0
423.0,600.0,0.0
423.0,700.0,0.0
